state,1/22/2020,1/24/2020,1/29/2020,1/30/2020,1/31/2020,2/3/2020,2/5/2020,2/7/2020,2/9/2020,2/12/2020,2/13/2020,2/14/2020,2/18/2020,2/24/2020,2/26/2020,2/27/2020,2/28/2020,2/29/2020,3/2/2020,3/3/2020,3/4/2020,3/5/2020,3/6/2020,3/7/2020,3/8/2020,3/9/2020,3/10/2020,3/11/2020,3/12/2020,3/13/2020,3/14/2020,3/15/2020,3/16/2020,3/17/2020,3/18/2020,3/19/2020,3/20/2020,3/21/2020,3/22/2020,3/23/2020,3/24/2020,3/25/2020,3/26/2020,3/27/2020,3/28/2020,3/29/2020,3/30/2020,3/31/2020,4/1/2020,4/2/2020,4/3/2020,4/4/2020,4/5/2020,4/6/2020,4/7/2020,4/8/2020,4/9/2020,4/10/2020,4/11/2020,4/12/2020,4/13/2020,4/14/2020,4/15/2020,4/16/2020,4/17/2020,4/18/2020,4/19/2020,4/20/2020,4/21/2020,4/22/2020,4/23/2020,4/24/2020,4/25/2020,4/26/2020,4/27/2020,4/28/2020,4/29/2020,4/30/2020,5/1/2020,5/2/2020,5/3/2020,5/4/2020,5/5/2020,5/6/2020,5/7/2020,5/8/2020,5/9/2020,5/10/2020,5/11/2020,5/12/2020,5/13/2020,5/14/2020,5/15/2020,5/16/2020,5/17/2020,5/18/2020,5/19/2020,5/20/2020,5/21/2020,5/22/2020,5/23/2020,5/24/2020,5/25/2020,5/26/2020,5/27/2020,5/28/2020,5/29/2020,5/30/2020,5/31/2020,6/1/2020,6/2/2020,6/3/2020,6/4/2020,6/5/2020,6/6/2020,6/7/2020,6/8/2020,6/9/2020,6/10/2020,6/11/2020,6/12/2020,6/13/2020,6/14/2020,6/15/2020,6/16/2020,6/17/2020,6/18/2020,6/19/2020,6/20/2020,6/21/2020,6/22/2020,6/23/2020,6/24/2020,6/25/2020,6/26/2020,6/27/2020,6/28/2020,6/29/2020,6/30/2020,7/1/2020,7/2/2020,7/3/2020,7/4/2020,7/5/2020,7/6/2020,7/7/2020,7/8/2020,7/9/2020,7/10/2020,7/11/2020,7/12/2020,7/13/2020,7/14/2020,7/15/2020,7/16/2020,7/17/2020,7/18/2020,7/19/2020,7/20/2020,7/21/2020,7/22/2020,7/23/2020,7/24/2020,7/25/2020,7/26/2020,7/27/2020,7/28/2020,7/29/2020,7/30/2020,7/31/2020,8/1/2020,8/2/2020,8/3/2020,8/4/2020,8/5/2020,8/6/2020,8/7/2020,8/8/2020,8/9/2020,8/10/2020,8/11/2020,8/12/2020,8/13/2020,8/14/2020,8/15/2020,8/16/2020,8/17/2020,8/18/2020,8/19/2020,8/20/2020,8/21/2020,8/22/2020,8/23/2020,8/24/2020,8/25/2020,8/26/2020,8/27/2020,8/28/2020,8/29/2020,8/30/2020,8/31/2020,9/1/2020,9/2/2020,9/3/2020,9/4/2020,9/5/2020,9/6/2020,9/7/2020,9/8/2020,9/9/2020,9/10/2020,9/11/2020,9/12/2020,9/13/2020,9/14/2020,9/15/2020,9/16/2020,9/17/2020,9/18/2020,9/19/2020,9/20/2020,9/21/2020,9/22/2020,9/23/2020,9/24/2020,9/25/2020,9/26/2020,9/27/2020,9/28/2020,9/29/2020,9/30/2020,10/1/2020,10/2/2020,10/3/2020,10/4/2020,10/5/2020,10/6/2020,10/7/2020,10/8/2020,10/9/2020,10/10/2020,10/11/2020,10/12/2020,10/13/2020,10/14/2020,10/15/2020,10/16/2020,10/17/2020,10/18/2020,10/19/2020,10/20/2020,10/21/2020,10/22/2020,10/23/2020,10/24/2020,10/25/2020,10/26/2020,10/27/2020,10/28/2020,10/29/2020,10/30/2020,10/31/2020,11/1/2020,11/2/2020,11/3/2020,11/4/2020,11/5/2020,11/6/2020,11/7/2020,11/8/2020,11/9/2020,11/10/2020,11/11/2020,11/12/2020,11/13/2020,11/14/2020,11/15/2020,11/16/2020,11/17/2020,11/18/2020,11/19/2020,11/20/2020,11/21/2020,11/22/2020,11/23/2020,11/24/2020,11/25/2020,11/26/2020,11/27/2020,11/28/2020,11/29/2020,11/30/2020,12/1/2020,12/2/2020,12/3/2020,12/4/2020,12/5/2020,12/6/2020,12/7/2020,12/8/2020,12/9/2020,12/10/2020,12/11/2020,12/12/2020,12/13/2020,12/14/2020,12/15/2020,12/16/2020,12/17/2020,12/18/2020,12/19/2020,12/20/2020,12/21/2020,12/22/2020,12/23/2020,12/24/2020,12/25/2020,12/26/2020,12/27/2020,12/28/2020,12/29/2020,12/30/2020,12/31/2020,1/1/2021,1/2/2021,1/3/2021,1/4/2021,1/5/2021,1/6/2021,1/7/2021,1/8/2021,1/9/2021,1/10/2021,1/11/2021,1/12/2021,1/13/2021,1/14/2021,1/15/2021,1/16/2021,1/17/2021,1/18/2021,1/19/2021,1/20/2021,1/21/2021,1/22/2021,1/23/2021,1/24/2021,1/25/2021,1/26/2021,1/27/2021,1/28/2021,1/29/2021,1/30/2021,1/31/2021,2/1/2021,2/2/2021,2/3/2021,2/4/2021,2/5/2021,2/6/2021,2/7/2021,2/8/2021,2/9/2021,2/10/2021,2/11/2021,2/12/2021,2/13/2021,2/14/2021,2/15/2021,2/16/2021,2/17/2021,2/18/2021,2/19/2021,2/20/2021,2/21/2021,2/22/2021,2/23/2021,2/24/2021,2/25/2021,2/26/2021,2/27/2021,2/28/2021,3/1/2021,3/2/2021,3/3/2021,3/4/2021,3/5/2021,3/6/2021,3/7/2021,3/8/2021,3/9/2021,3/10/2021,3/11/2021,3/12/2021,3/13/2021,3/14/2021,3/15/2021,3/16/2021,3/17/2021,3/18/2021,3/19/2021,3/20/2021,3/21/2021,3/22/2021,3/23/2021,3/24/2021,3/25/2021,3/26/2021,3/27/2021,3/28/2021,3/29/2021,3/30/2021,3/31/2021,4/1/2021,4/2/2021,4/3/2021,4/4/2021,4/5/2021,4/6/2021,4/7/2021,4/8/2021,4/9/2021,4/10/2021,4/11/2021,4/12/2021,4/13/2021,4/14/2021,4/15/2021,4/16/2021,4/17/2021,4/18/2021,4/19/2021,4/20/2021,4/21/2021,4/22/2021,4/23/2021,4/24/2021,4/25/2021,4/26/2021,4/27/2021,4/28/2021,4/29/2021,4/30/2021,5/1/2021,5/2/2021,5/3/2021,5/4/2021,5/5/2021,5/6/2021,5/7/2021,5/8/2021,5/9/2021,5/10/2021,5/11/2021,5/12/2021,5/13/2021,5/14/2021,5/15/2021,5/16/2021,5/17/2021,5/18/2021,5/19/2021,5/20/2021,5/21/2021,5/22/2021,5/23/2021,5/24/2021,5/25/2021,5/26/2021,5/27/2021,5/28/2021,5/29/2021,5/30/2021,5/31/2021,6/1/2021,6/2/2021,6/3/2021,6/4/2021,6/5/2021,6/6/2021,6/7/2021,6/8/2021,6/9/2021,6/10/2021,6/11/2021,6/12/2021,6/13/2021,6/14/2021,6/15/2021,6/16/2021,6/17/2021,6/18/2021,6/19/2021,6/20/2021,6/21/2021,6/22/2021,6/23/2021,6/24/2021,6/25/2021,6/26/2021,6/27/2021,6/28/2021,6/29/2021,6/30/2021,7/1/2021,7/2/2021,7/3/2021,7/4/2021,7/5/2021,7/6/2021,7/7/2021,7/8/2021,7/9/2021,7/10/2021,7/11/2021,7/12/2021,7/13/2021,7/14/2021,7/15/2021,7/16/2021,7/17/2021,7/18/2021,7/19/2021,7/20/2021,7/21/2021,7/22/2021,7/23/2021,7/24/2021,7/25/2021,7/26/2021,7/27/2021,7/28/2021,7/29/2021,7/30/2021,7/31/2021,8/1/2021,8/2/2021,8/3/2021,8/4/2021,8/5/2021,8/6/2021,8/7/2021,8/8/2021,8/9/2021,8/10/2021,8/11/2021,8/12/2021,8/13/2021,8/14/2021,8/15/2021,8/16/2021,8/17/2021,8/18/2021,8/19/2021,8/20/2021,8/21/2021,8/22/2021,8/23/2021,8/24/2021,8/25/2021,8/26/2021,8/27/2021,8/28/2021,8/29/2021,8/30/2021,8/31/2021,9/1/2021,9/2/2021,9/3/2021,9/4/2021,9/5/2021,9/6/2021,9/7/2021,9/8/2021,9/9/2021,9/10/2021,9/11/2021,9/12/2021,9/13/2021,9/14/2021,9/15/2021,9/16/2021,9/17/2021,9/18/2021,9/19/2021,9/20/2021,9/21/2021,9/22/2021,9/23/2021,9/24/2021,9/25/2021,9/26/2021,9/27/2021,9/28/2021,9/29/2021,9/30/2021,10/1/2021,10/2/2021,10/3/2021,10/4/2021,10/5/2021,10/6/2021,10/7/2021,10/8/2021,10/9/2021,10/10/2021,10/11/2021,10/12/2021,10/13/2021,10/14/2021,10/15/2021,10/16/2021,10/17/2021,10/18/2021,10/19/2021,10/20/2021,10/21/2021,10/22/2021,10/23/2021,10/24/2021,10/25/2021,10/26/2021,10/27/2021,10/28/2021,10/29/2021,10/30/2021,10/31/2021,11/1/2021,11/2/2021,11/3/2021,11/4/2021,11/5/2021,11/6/2021,11/7/2021,11/8/2021,11/9/2021,11/10/2021,11/11/2021,11/12/2021,11/13/2021,11/14/2021,11/15/2021,11/16/2021,11/17/2021,11/18/2021,11/19/2021,11/20/2021,11/21/2021,11/22/2021,11/23/2021,11/24/2021,11/25/2021,11/26/2021,11/27/2021,11/28/2021,11/29/2021,11/30/2021,12/1/2021,12/2/2021,12/3/2021,12/4/2021,12/5/2021,12/6/2021,12/7/2021,12/8/2021,12/9/2021,12/10/2021,12/11/2021,12/12/2021,12/13/2021,12/14/2021,12/15/2021,12/16/2021,12/17/2021,12/18/2021,12/19/2021,12/20/2021,12/21/2021,12/22/2021,12/23/2021,12/24/2021,12/25/2021,12/26/2021,12/27/2021,12/28/2021,12/29/2021,12/30/2021,12/31/2021,1/1/2022,1/2/2022,1/3/2022,1/4/2022,1/5/2022,1/6/2022,1/7/2022,1/8/2022,1/9/2022,1/10/2022,1/11/2022,1/12/2022,1/13/2022,1/14/2022,1/15/2022,1/16/2022,1/17/2022,1/18/2022,1/19/2022,1/20/2022,1/21/2022,1/22/2022,1/23/2022,1/24/2022,1/25/2022,1/26/2022,1/27/2022,1/28/2022,1/29/2022,1/30/2022,1/31/2022,2/1/2022,2/2/2022,2/3/2022,2/4/2022,2/5/2022,2/6/2022,2/7/2022,2/8/2022,2/9/2022,2/10/2022,2/11/2022,2/12/2022,2/13/2022,2/14/2022,2/15/2022,2/16/2022,2/17/2022,2/18/2022,2/19/2022,2/20/2022,2/21/2022,2/22/2022,2/23/2022,2/24/2022,2/25/2022,2/26/2022,2/27/2022,2/28/2022,3/1/2022,3/2/2022,3/3/2022,3/4/2022,3/5/2022,3/6/2022,3/7/2022,3/8/2022,3/9/2022,3/10/2022,3/11/2022,3/12/2022,3/13/2022,3/14/2022,3/15/2022,3/16/2022,3/17/2022,3/18/2022,3/19/2022,3/20/2022,3/21/2022,3/22/2022,3/23/2022,3/24/2022,3/25/2022,3/26/2022,3/27/2022,3/28/2022,3/29/2022,3/30/2022,3/31/2022,4/1/2022,4/2/2022,4/3/2022,4/4/2022,4/5/2022,4/6/2022,4/7/2022,4/8/2022,4/9/2022,4/10/2022,4/11/2022,4/12/2022,4/13/2022,4/14/2022,4/15/2022,4/16/2022,4/17/2022,4/18/2022,4/19/2022,4/20/2022,4/21/2022,4/22/2022,4/23/2022,4/24/2022,4/25/2022,4/26/2022,4/27/2022,4/28/2022,4/29/2022,4/30/2022,5/1/2022,5/2/2022,5/3/2022,5/4/2022,5/5/2022,5/6/2022,5/7/2022,5/8/2022,5/9/2022,5/10/2022,5/11/2022,5/12/2022,5/13/2022,5/14/2022,5/15/2022,5/16/2022,5/17/2022,5/18/2022,5/19/2022,5/20/2022,5/21/2022,5/22/2022,5/23/2022,5/24/2022,5/25/2022,5/26/2022,5/27/2022,5/28/2022,5/29/2022,5/30/2022,5/31/2022,6/1/2022,6/2/2022,6/3/2022,6/4/2022,6/5/2022,6/6/2022,6/7/2022,6/8/2022,6/9/2022,6/10/2022,6/11/2022,6/12/2022,6/13/2022,6/14/2022,6/15/2022,6/16/2022,6/17/2022,6/18/2022,6/19/2022,6/20/2022,6/21/2022,6/22/2022,6/23/2022,6/24/2022,6/25/2022,6/26/2022,6/27/2022,6/28/2022,6/29/2022,6/30/2022,7/1/2022,7/2/2022,7/3/2022,7/4/2022,7/5/2022,7/6/2022,7/7/2022,7/8/2022,7/9/2022,7/10/2022,7/11/2022,7/12/2022,7/13/2022,7/14/2022,7/15/2022,7/16/2022,7/17/2022,7/18/2022,7/19/2022,7/20/2022,7/21/2022,7/22/2022,7/23/2022,7/24/2022,7/25/2022,7/26/2022,7/27/2022,7/28/2022,7/29/2022,7/30/2022,7/31/2022,8/1/2022,8/2/2022,8/3/2022,8/4/2022,8/5/2022,8/6/2022,8/7/2022,8/8/2022,8/9/2022,8/10/2022,8/11/2022,8/12/2022,8/13/2022,8/14/2022,8/15/2022,8/16/2022,8/17/2022,8/18/2022,8/19/2022,8/20/2022,8/21/2022,8/22/2022,8/23/2022,8/24/2022,8/25/2022,8/26/2022,8/27/2022,8/28/2022,8/29/2022,8/30/2022,8/31/2022,9/1/2022,9/2/2022,9/3/2022,9/4/2022,9/5/2022,9/6/2022,9/7/2022,9/8/2022,9/9/2022,9/10/2022,9/11/2022,9/12/2022,9/13/2022,9/14/2022,9/15/2022,9/16/2022,9/17/2022,9/18/2022,9/19/2022,9/20/2022,9/21/2022,9/22/2022,9/23/2022,9/24/2022,9/25/2022,9/26/2022,9/27/2022,9/28/2022,9/29/2022,9/30/2022,10/1/2022,10/2/2022,10/3/2022,10/4/2022,10/5/2022,10/6/2022,10/7/2022,10/8/2022,10/9/2022,10/10/2022,10/11/2022,10/12/2022,10/13/2022,10/14/2022,10/15/2022,10/16/2022,10/17/2022,10/18/2022,10/19/2022,10/20/2022,10/21/2022,10/22/2022,10/23/2022,10/24/2022,10/25/2022,10/26/2022,10/27/2022,10/28/2022,10/29/2022,10/30/2022,10/31/2022,11/1/2022,11/2/2022,11/3/2022,11/4/2022,11/5/2022,11/6/2022,11/7/2022,11/8/2022,11/9/2022,11/10/2022,11/11/2022,11/12/2022,11/13/2022,11/14/2022,11/15/2022,11/16/2022,11/17/2022,11/18/2022,11/19/2022,11/20/2022,11/21/2022,11/22/2022,11/23/2022,11/24/2022,11/25/2022,11/26/2022,11/27/2022,11/28/2022,11/29/2022,11/30/2022,12/1/2022,12/2/2022,12/3/2022,12/4/2022,12/5/2022,12/6/2022,12/7/2022,12/8/2022,12/9/2022,12/10/2022,12/11/2022,12/12/2022,12/13/2022,12/14/2022,12/15/2022,12/16/2022,12/17/2022,12/18/2022,12/19/2022,12/20/2022,12/21/2022,12/22/2022,12/23/2022,12/24/2022,12/25/2022,12/26/2022,12/27/2022,12/28/2022,12/29/2022,12/30/2022,12/31/2022,1/1/2023,1/2/2023,1/3/2023,1/4/2023,1/5/2023,1/6/2023,1/7/2023,1/8/2023,1/9/2023,1/10/2023,1/11/2023,1/12/2023,1/13/2023,1/14/2023,1/15/2023,1/16/2023,1/17/2023,1/18/2023,1/19/2023,1/20/2023,1/21/2023,1/22/2023,1/23/2023,1/24/2023,1/25/2023,1/26/2023,1/27/2023,1/28/2023,1/29/2023,1/30/2023,1/31/2023,2/1/2023,2/2/2023,2/3/2023,2/4/2023,2/5/2023
AL,,,,,,,,,,,,,,,,,,,,,,,,,1,,,,,,,1,1,1,1,1,1,1,2,1,,,3,1,,,1,1,,,1,1,2,,1,,,,,,1,,,1,,,,,1,,,2,,2,,1,1,1,,,,,,,1,,,,,,,,,,,,,1,,,3,,,,,,,,1,,,,,,1,,,,,1,2,,,,,,2,,,,1,,1,1,,,1,2,1,,2,2,,,1,4,,4,2,3,2,3,,1,3,,,2,,1,,,1,,,3,1,,1,,1,,,1,1,,3,,1,,2,,,,,,,,,,,2,,,1,1,1,2,,,,,2,,,,,,1,1,,1,,1,2,,1,,,,1,,,1,1,1,,1,1,,1,,3,2,2,3,2,1,1,,3,,1,1,10,,1,2,1,,,3,1,2,1,1,1,,3,1,,1,,2,2,1,1,1,2,,2,,1,1,3,3,3,1,2,2,1,6,3,,1,1,3,2,1,2,,2,,1,2,4,1,4,1,,4,,5,2,1,1,2,5,,2,4,2,5,2,3,2,2,,2,3,1,6,4,3,1,1,2,5,2,2,2,1,3,,2,,3,4,1,,3,2,6,2,1,2,1,1,1,,2,1,1,2,,,1,2,2,,,1,,,2,1,,,1,2,1,,2,,,2,2,,1,2,,,1,1,3,,,,,1,1,1,,,1,,,,,,,,,,1,1,,,1,1,,1,,,1,,,,,,2,1,,,,1,2,,,,,,,,,,,,,1,1,,,,,,2,,,,,1,,1,,,,,,,,1,1,,1,,,,,,,,,,,,1,1,,,,,,,,,,,,,,,1,,,,,,,1,,,,,1,,1,2,,,1,1,,,,3,2,,,1,,1,1,,1,2,1,,2,2,,1,4,2,,3,,2,2,4,1,2,2,1,2,,,1,2,,2,1,2,2,4,2,4,2,1,1,,,,,1,2,1,2,1,3,,2,2,3,1,,1,,2,1,1,,,,1,,,,,1,1,1,1,1,,,,2,1,1,,,1,,1,,1,2,,,,,3,1,1,,,,,,,,1,,,,,,,2,1,1,,,,,,,1,,1,,,,1,1,,2,1,,1,,,,,,1,1,1,,2,,,,1,,5,2,1,,1,2,2,1,,1,2,3,5,1,8,3,3,6,6,5,3,6,1,5,6,11,3,4,12,3,4,2,3,6,7,7,6,3,2,4,5,3,2,5,1,4,3,3,2,3,1,2,1,4,,3,3,6,3,2,2,3,1,,1,1,1,2,,,,1,4,1,,,,,,,1,,2,,1,,,1,,,,,,1,1,,2,,2,1,,1,2,1,1,,1,,2,,1,1,,,,,1,2,2,,1,3,1,,2,,1,,,,1,1,2,1,2,,,1,,,1,1,,1,,1,2,1,2,,,,1,,,1,1,1,,1,,1,2,,3,1,2,1,,,2,1,2,2,,1,,1,3,,3,2,,1,2,,1,,2,,,,,,,,1,1,,,2,3,2,1,2,2,1,,2,1,,1,,2,2,,3,3,,4,1,3,1,3,3,1,1,,2,1,4,,1,,,,2,,1,1,,1,1,1,,,,,3,,1,,4,,,2,,1,,1,,1,2,,1,2,1,3,,,1,,,,,,,3,1,,1,1,,1,,2,,,,,,,1,,,,1,,,3,,,,1,,,1,2,,,1,4,1,,,,,1,1,,,1,,,,,,1,,1,,,,,,,,,1,,,1,,,,,,1,,,1,1,,1,,1,1,1,,,1,,,2,4,,,,1,4,2,2,,,,,2,,,1,1,,,1,1,1,,1,,1,,2,,1,,,1,1,,1,1,,,2,1,1,,1,,1,1,,1,,,,,,,,,1,
AK,,,,,,,,,,,,,,,,,,,,,,,,,,,,,,,,,,,,,,,,,,,,,,,,2,,,,,,,,,,,,,,,,1,,,,,,,,,,,,,,,1,,,,,,,,,,,,,,,,,,,,,,,,,,,,,,,,,,,,,,,,,,,,,,,,,,,,,,,,,,,,,1,,,,,,,,,,,,1,,,,,,,,1,,,1,,,,,,1,,,,,,,,,,,,,,,,,,,,,,,,,,,,1,,,,,1,,,,,,,,,,1,,,,,,,,2,,,,,,,,,,,,1,,,,,2,,,,,,,,,,,,1,1,,,,,,1,1,1,,,1,1,,1,,1,,,,,1,,1,1,1,,,,1,,,2,1,,,,,,,1,,,,,,,,,,,,,,,,,,1,,1,,1,,,,,,1,,,,,,,2,,1,,,,1,,,,,,,,,,,,,,,,,1,,,,,,,,,1,,,,,,,,,,,,,,,,,,,,,,,,,,,1,,1,,,,,,1,,,,1,,,,,,,,,,,,,,,,,,,,,,,,,,,1,,,,,,,,,,,,,,,,,,,,,,,,,,,,,,,,,,,,,,,,,,,,,,,,,,,,,,,,,,,,,,,,,,,,,,,,,,,,,,,,,,,,,,,,,,,,,,,,,,,,,,,,,,1,,,,,,,,,,,,,,,,,2,1,,,,,,1,1,,2,,,,,,,,,,,,1,,,1,,,,,,,,,,,,1,1,,,,,,,1,,,,,,,,,,,,1,1,,,,,,,,,1,,,,,,,,1,,,,,,,,,,,,,,,,,1,,,,,,1,,,,,,,,,,,,1,,,,,,,,,,,,,,,,,,,,,,,,,1,,,,,,1,1,,,,,,,,,1,,2,1,1,3,,1,1,1,,1,1,,,,,1,,,1,,,,,,1,,,,1,,,,,,1,,,,,1,,,,,,,,,,,,,,,,,,,,,,,,,,,,,2,,,,,,,,,,,,,,,,,,,1,,,1,,,,,,,,,,,,,,,2,,,,,,1,,,,,,,,1,,1,,,,,,,,,,,,,,,,,,1,,,,,1,,,,,,,,,,,,,1,,,,,,,,,,,,,,,1,,,1,,1,,,,,1,2,,,,,,,,,,,1,,,,,,,,,,,1,,,,,1,,,,,,,,1,,1,,,,,,,1,,,1,,1,,,,,,,1,,,,,,,,,,,1,,1,,1,,,,,,,,,,,,,,,1,,,,,,,1,,,,,,,,,,,,,,,,,1,,,,,,,,,,,,,,,,,,,,,,,,,,,,,,,,,,,,,,,,,,,,,,,,,,,,,,,,1,,1,,,,,,,2,,,,,1,,,1,,1,,,,,,,,1,1,,,,,,,,,1,,,1,
AZ,,,,,,,,,,,,,,,,,,,,,,,,,,,,1,1,2,,1,2,5,2,3,1,1,1,1,2,1,,1,4,1,,1,,1,,,,2,,,3,1,2,,1,1,,,1,1,1,,,1,1,,1,1,1,1,,,1,,2,1,1,,1,1,1,,,,1,1,1,1,1,,,,1,,,,1,3,2,1,1,,,,,,2,1,,,,2,1,2,4,,2,1,4,4,5,2,3,1,2,4,5,6,4,1,3,5,4,3,2,7,2,3,2,7,5,3,8,3,3,2,6,5,1,4,2,,,1,1,1,2,,3,1,1,1,,,,4,1,2,,2,,1,,4,,,1,1,,,1,,1,,,,,1,1,2,1,,1,,1,1,,1,,1,,,,1,,,,,,,,1,,,,,2,2,,2,,,,1,,,7,6,,2,4,1,2,2,,1,,,3,1,,,2,1,,1,3,1,,3,3,,3,,,,1,,2,1,2,2,1,1,,2,1,1,2,2,1,3,4,5,1,7,4,5,3,,3,2,5,2,3,4,6,1,2,1,4,2,5,9,3,1,3,2,,10,5,6,1,2,,4,3,,4,6,1,2,3,3,2,6,4,6,,2,5,1,3,3,1,3,2,3,2,4,3,2,1,1,3,,5,5,3,2,2,,3,3,,2,1,3,,,3,,2,3,,2,,,1,1,1,1,,1,,,,1,,,1,,,1,,,,,2,,1,2,,2,,,,,,,1,,1,,,,2,,,,2,,,,1,,1,,1,1,,,3,,2,1,,,1,1,,2,,,,,,1,,,1,,,5,,2,,1,,1,,1,,,,1,,,,2,,,2,,,,,,1,,1,,,,,,,1,,2,,,,,,1,1,,,,,,,1,1,,,,,,1,,1,1,,1,1,,,1,1,,2,,,1,1,,,,,2,,1,,,,1,,1,1,,1,1,1,2,,1,1,,1,,1,1,1,2,2,3,,3,1,1,,2,1,3,2,3,1,,,,3,,1,,,,2,1,,,,1,,1,,3,2,,,1,2,1,1,3,,1,2,1,,2,,,,1,2,3,,,,,,2,1,1,,1,,1,,,2,1,2,,,1,,2,,2,,,1,,1,1,,1,1,,3,2,5,2,,2,1,2,1,1,1,1,2,2,1,,1,1,2,1,,,,1,,4,1,1,1,3,,2,4,1,,,,3,3,1,,1,2,,1,2,3,2,1,1,3,4,3,7,4,3,6,5,5,5,6,4,3,12,10,6,9,7,7,10,5,13,18,11,6,4,5,6,13,7,8,5,2,6,5,4,4,5,4,3,,4,6,2,2,1,,,1,5,,4,2,,,2,1,1,,1,,1,4,,,1,1,2,2,1,,,,,,,,,,,1,,,,,1,,1,,2,,,,,,,,,1,,,,1,,,,1,,,1,1,,,,,1,,,1,1,,,1,,1,,2,3,,1,1,1,2,,1,3,1,1,1,2,,3,,,2,1,,1,2,3,3,,1,2,2,1,5,3,,4,1,1,2,1,5,3,2,1,2,2,1,2,2,1,5,2,1,3,2,,,2,2,3,3,,1,2,2,2,4,,3,1,1,3,1,3,3,1,1,2,6,,2,1,3,6,5,2,1,4,2,3,4,2,,3,3,4,1,,4,1,,,1,1,1,1,,3,3,1,,,4,5,4,2,1,,1,1,1,4,1,,,,2,2,,2,,,,,1,,,1,,,,,,1,,,1,2,1,2,,2,1,1,1,1,1,1,,,,1,,,,1,,1,1,,2,,1,,,2,1,2,1,,,,,2,1,1,2,1,1,,1,1,1,1,2,2,,3,,1,1,3,,,4,,1,,4,,3,2,2,3,3,3,1,1,1,1,2,,2,2,2,2,1,1,2,2,1,1,2,4,,2,3,,,1,1,1,1,2,,1,2,2,3,,1,2,3,1,,1,,,1,,1,,1,2,1,1,1,2,,1,2,,,1,,,,1,,1,,3,1,,,,
AR,,,,,,,,,,,,,,,,,,,,,,,,,,,,,1,,,1,,,2,2,4,,,,,,,1,,,1,,,,1,,,,,,,,1,,,,,,,,,,,1,,,,,,,,,,,1,,,,,,,,,,,,,1,,,,,,,,,,,,,,,1,,,1,,,,,,1,,,1,,1,,,,,1,1,,,,1,,1,1,,1,1,,2,1,1,1,1,1,,,,,,1,1,,1,,1,,2,1,,,1,1,,1,,,1,,,,,,,,,,,,,,1,,1,,,1,,,,,,1,,,,,,,,,,1,2,,,1,,,,1,,1,,,,,,,,1,,1,,,,,,1,,,,2,1,,3,1,,1,1,,1,1,,,,,,1,,1,,,,1,,2,2,1,1,,1,,,,,,,,1,,1,,,,,1,,2,,1,3,,,1,,,,,1,,,,,,,2,1,,,,1,2,,,1,,1,,4,1,1,,1,,1,1,,,1,,3,1,,,,1,1,1,,,,,2,,2,3,,1,2,,,,1,1,,,,1,,1,,,2,,,,,2,,,,1,1,,1,,,,,,,,,,,,,,,,,,,2,,,,,,2,,1,1,1,,,,,,,,1,,,,,1,,,,,,,,,,,,,,1,,,,,,,,,2,,,,,,,,2,1,,,,,,,,,,,,,,,,,1,,,,,1,,,,,,,,,,,,,,,,,,,,,,,,,,,,,,,,,,,1,,,,,,,,,,,,,1,,,,,,,1,,,1,,,2,,,1,1,,,1,1,2,1,,,2,,,1,,,,,2,1,,,,1,,2,1,,2,1,1,1,,1,1,1,,1,,1,,1,,,,1,,,1,,,,,1,,,,,,,,,,,1,1,,1,,,,,1,1,1,1,,,,,,,,,1,,,1,1,,,,,,,,,,,,,,,,,,1,1,,,1,,,,,,,,,,,,,,,,,,,,,,,,1,,,,1,,,,,,,,,1,,,1,,1,,,3,2,3,3,2,3,1,1,2,3,2,3,2,2,,1,1,2,3,6,3,1,3,2,5,3,3,3,2,2,2,1,3,2,,1,1,1,1,1,1,,,,,,,,,,,2,,,,,,1,,,,,,,,,,,,,,,,,,,,,,1,,,,,,,,,,,1,1,1,,,,,,,,,1,,,,,,,,,,,,,,,,,,1,,,,1,,,1,,,,,,,,,1,1,,1,,,,,,,,,1,,1,,1,,,,,,,1,,,,,,,,,,2,,,,,,1,,,,,,,,,,,1,,,2,,1,,1,2,,1,1,,2,,1,1,1,,1,,,,,,,,,1,1,2,1,2,1,,,,,,,1,,1,,,1,1,,,,,2,1,1,,2,1,,,,2,,1,2,,,1,1,1,,2,1,,,,1,,,,,,,,,,,,,,,,,,,,,,1,1,,,,,,1,,,2,,,1,,,,,,,,,,,,,1,,,,,,,,1,,,,,,,,,1,,,,,,,,,,,1,,,,1,,,,,,,,2,1,,,,1,,,,,,,,1,2,,,,,1,,1,,,,,3,1,,,,1,,,,,,,1,,,,,1,1,,,,,,,,,,,,,1,,
CA,1,,,1,,,,,,,,,,1,1,1,,,,1,,1,3,,2,1,3,3,20,8,1,3,22,18,11,16,11,9,12,6,8,6,8,15,9,7,8,13,8,8,10,6,7,9,7,10,4,5,5,5,1,8,3,4,6,2,,2,5,2,5,,2,2,2,3,4,7,6,3,2,4,1,4,5,8,4,3,5,3,2,2,6,7,6,2,3,5,6,2,4,3,3,3,1,2,2,3,1,4,3,2,3,5,2,4,3,5,,3,6,4,2,4,4,3,3,16,6,8,8,13,9,13,10,10,3,10,8,17,11,6,16,3,16,9,16,10,14,11,10,11,14,12,23,14,6,5,16,18,15,12,10,6,7,7,11,15,18,5,5,4,5,3,7,7,5,8,6,8,4,4,1,12,4,6,7,5,6,7,7,4,,3,4,4,3,6,3,6,7,2,5,8,7,5,5,5,4,6,3,5,3,3,6,1,3,4,4,2,,4,2,4,5,5,2,1,2,5,7,2,75,30,13,20,12,7,13,6,6,10,2,8,9,6,5,,1,3,6,6,,5,4,1,6,4,23,4,2,8,8,2,4,8,8,6,5,5,9,6,10,8,7,8,15,12,11,15,13,34,34,11,12,20,9,12,4,6,15,8,17,12,12,17,16,12,19,19,22,20,23,20,14,19,26,19,19,21,26,6,24,8,30,20,15,19,10,9,25,15,30,18,16,12,21,25,16,18,14,12,9,12,15,20,16,20,20,8,8,12,8,11,10,5,3,10,10,12,7,7,8,10,5,7,12,10,4,3,3,2,5,3,1,5,7,9,8,2,6,4,2,5,1,4,4,6,1,7,3,2,,4,5,5,2,1,,1,3,1,3,1,4,1,2,4,6,1,,5,1,1,1,2,3,,2,1,2,3,2,4,3,3,2,1,5,3,2,4,3,3,,1,2,9,5,4,,2,3,3,1,1,2,2,,,1,2,4,5,1,5,2,,2,2,2,,,1,4,1,1,1,3,1,1,1,4,1,1,2,1,2,2,1,1,2,,,,1,1,1,1,1,1,,,2,1,,1,,1,5,,,,1,1,1,,,,3,1,3,1,3,1,2,,2,2,1,1,2,2,,1,,2,,1,5,4,7,2,4,8,8,8,7,10,5,9,6,5,8,6,10,17,9,15,12,7,7,11,5,8,9,6,7,2,3,9,12,16,4,7,7,11,8,5,12,5,6,3,7,5,10,7,4,3,9,4,7,4,5,5,4,4,4,4,6,4,9,3,6,6,3,4,2,1,7,5,2,4,5,7,2,5,4,3,4,2,1,2,2,1,2,5,4,4,2,4,3,,1,2,2,5,1,4,5,,2,5,1,1,,2,2,4,6,3,4,,3,3,1,4,5,4,4,1,3,3,3,2,,4,3,1,5,1,,4,4,3,2,4,4,6,5,,1,9,3,1,3,8,5,5,2,3,5,9,17,10,8,22,19,29,29,42,38,24,21,44,50,51,55,47,38,53,66,78,68,54,46,38,44,42,35,37,47,23,18,25,34,30,27,21,31,20,22,24,27,13,29,14,17,11,14,18,10,17,8,9,2,12,8,7,3,1,2,7,5,2,3,7,5,4,1,4,5,4,3,4,3,4,3,7,5,3,3,3,5,3,2,8,5,1,5,6,7,6,2,7,5,2,8,5,9,7,2,5,6,4,5,4,6,8,4,8,5,5,12,9,7,12,4,7,9,8,11,10,3,5,4,3,13,11,10,3,6,6,7,9,8,8,9,13,9,11,3,10,11,11,9,6,13,22,15,12,10,7,9,17,20,15,15,9,9,14,10,16,11,21,13,15,22,10,26,18,20,11,18,19,25,17,7,15,12,18,20,14,18,14,12,19,8,8,17,18,18,18,12,13,19,15,30,22,15,8,9,9,11,18,11,14,12,14,17,15,19,18,15,7,15,18,10,24,16,18,17,5,18,15,19,18,8,14,8,15,15,10,7,11,11,5,14,10,7,5,9,8,8,9,7,12,4,5,7,8,9,4,7,7,6,4,5,10,9,8,1,2,1,4,3,5,11,5,6,7,5,6,3,8,5,6,2,5,5,5,4,8,10,5,7,7,2,2,5,6,4,3,7,4,4,8,7,5,3,5,8,10,5,9,2,6,8,1,2,2,1,3,3,9,5,8,3,3,4,1,5,6,8,4,7,7,8,5,5,2,3,4,4,1,5,4,2,3,5,4,4,6,2,7,8,10,5,9,7,9,15,14,6,9,7,7,10,4,7,5,3,2,9,5,4,8,9,4,4,11,9,4,8,4,4,3,6,9,8,15,5,8,9,10,7,4,12,6,1,2,5,6,4,4,6,2,4,6,8,5,5,,7,2,5,5,5,5,3,3,2,6,8,5,5,1,1,1
CO,,,,,,,,,,,,,,,,,,,,,,,1,1,2,,,,3,,2,,2,1,1,4,,3,2,1,,,2,1,,2,2,1,1,3,,,,,,,2,1,3,,,,,1,3,,,1,,1,3,1,,,,1,,,1,,1,,1,,,,,1,,,1,,,1,,1,,,1,,,3,,,,,,,,,,,,,,,,,,,,,,1,,,1,,1,,,,,,,,1,,1,,1,1,,2,2,3,1,2,1,,4,1,,2,,3,,,1,,,,2,,1,,,,,1,1,1,1,2,,,1,,1,,2,,,,,,1,,,,1,,,1,,,1,,1,,1,1,2,1,1,,,,,1,,1,1,,,2,2,3,2,2,1,,1,1,,,2,,,2,,2,5,4,1,2,,2,1,1,,,,2,2,1,,3,1,1,1,1,1,1,1,1,3,,3,1,3,1,1,4,3,4,2,1,,1,3,2,,4,3,2,3,4,5,11,5,6,5,3,5,4,7,3,3,5,6,5,1,5,3,4,3,2,4,7,2,,3,2,1,1,2,,5,3,,,3,4,3,2,1,2,1,3,,3,3,1,,1,1,2,1,3,,,2,,2,1,2,3,,,,3,,1,,1,1,1,2,1,,1,2,2,,,,4,1,1,1,,1,1,1,2,,,,1,,1,,3,1,,,,,2,,,1,,1,,,,,,,1,,1,,2,,4,1,1,2,1,,,,1,,,1,1,,,,2,1,,,1,,,2,2,,1,1,2,2,1,1,,,1,,1,1,1,1,1,,,,,1,,,,,2,2,,,1,,,,,,1,,,,,,,1,1,,,,,,1,,,,,,,,,,1,,,,,,,,,,,,,,1,,1,,,,,1,,,,,1,,,,,,1,,1,1,,,1,1,,2,,1,,,,,,1,2,2,1,1,,,1,3,,1,,,1,2,2,2,,1,1,,1,1,3,2,,,2,2,,,1,,,2,1,1,,1,2,2,,,1,,3,,1,,2,2,,1,,,2,2,,1,1,,1,,,,1,1,,1,2,,,,,1,,,2,2,,2,1,3,,,1,,1,1,,,3,1,1,,,,1,1,1,,1,2,,,1,3,4,,,2,,1,4,,1,,1,1,1,,,,1,,1,1,1,2,1,2,1,2,,2,1,1,2,,,,,2,1,1,2,4,3,7,9,4,8,7,5,10,9,10,11,3,5,2,12,14,15,11,6,6,6,14,9,6,5,3,6,4,10,10,3,5,6,3,6,,1,2,3,,,2,3,4,1,1,3,2,,3,4,,1,1,,1,,,1,,,1,2,,2,,,,1,1,,,,1,,,,,,,1,1,,,2,,,,1,,1,2,,1,1,,,,1,,2,1,,,,2,,,1,,,,1,,,,1,,,,2,2,2,,2,2,3,2,2,3,1,,5,,,,1,2,1,3,2,2,2,4,,1,3,2,,1,1,1,,1,2,1,3,2,,5,,4,3,,3,3,1,2,5,2,1,4,1,1,5,1,5,1,1,5,,1,2,4,3,1,1,,2,1,4,4,1,2,1,2,3,2,2,,,5,,3,4,1,,,,2,4,,2,2,1,3,2,2,4,3,3,2,5,2,,3,4,1,1,3,2,,1,2,1,,1,1,4,1,,1,1,2,3,,,,1,,,1,,2,,1,1,1,,,,2,2,,,1,,,,2,,,,2,,1,1,2,1,,2,1,1,2,2,,,1,1,,2,,1,2,,5,1,,1,,,1,1,1,,1,,,,1,1,1,,,1,,2,1,1,,,2,1,3,,2,1,1,1,1,2,1,1,3,1,1,4,2,3,1,1,2,3,,2,2,,1,1,1,3,,1,,,1,1,3,,,,,3,,,,,1,1,,,,1,2,,4,2,,1,1,,1,1,2,,,1,,,1,,2,,1,,,1,1,,,1,1,,,,,1,5,2,1,,
CT,,,,,,,,,,,,,,,,,,,,,,,,,1,,,,2,2,,1,1,,2,1,2,,1,1,,,1,,,1,1,,,,1,2,2,,,,3,1,1,1,,,,2,2,,,1,1,,3,2,,2,,,,2,,,,,1,1,,1,,,,1,,,1,,,1,,,1,,,,1,,,,,,1,,,,,1,,,,,,1,,1,,,,,,,,,,1,,1,,1,,,,2,1,,1,,,,,,,,1,1,,,2,1,1,,2,,,,,,,,,,,,,,,,,,,,,,1,,,,,,,,2,,,,,,,,,,,,,,,,,,,,,1,,1,1,,1,1,,,3,,1,1,2,2,1,1,1,,,,,,3,3,1,,,,1,,1,,,,,,,,,1,,1,1,,1,1,1,1,2,,2,3,,,,2,,,3,,2,,1,3,1,3,2,4,2,1,,,1,,,4,1,,1,,1,1,,,1,1,1,1,,,1,,3,1,1,,,1,,,1,1,,,2,1,2,1,,3,1,4,1,5,1,2,3,1,,2,,2,1,5,1,,1,1,1,1,3,,1,2,2,1,,,,,,,2,1,1,,1,,2,1,,1,,,,,,1,,,,1,,,1,,1,,,1,,,1,2,3,1,1,,,1,,,1,,,,1,1,1,,1,1,,,,,,,,,1,,2,1,,2,,2,,,,,2,1,,1,2,,,,,1,1,1,,,,,,,,,1,1,,1,,1,,1,,,,,,,,,,2,,,,,,,,,,,,,,,,,,,,,,,,,1,,,,,,,,,,,,,,1,,,,1,,1,3,,1,1,,1,,,,,1,1,,,,2,1,,,1,3,3,,1,,,1,1,1,1,,,,,,,1,1,,2,,,,,,,,,1,1,1,,1,,1,1,2,,1,2,2,,1,,1,,,,1,,2,1,1,1,1,,1,1,,,,,,1,,1,,,1,,1,,,,,,,1,,,,,1,1,1,1,,1,,1,1,,,,,,1,1,,1,,1,,1,,,,1,1,,,1,,1,1,,,1,1,,,,,,2,2,,,,,1,3,1,,,,1,3,1,,,2,,2,,4,,2,1,1,1,1,3,4,5,2,3,4,5,6,5,4,7,3,3,3,10,3,9,3,3,2,7,4,5,4,2,,3,,,5,2,2,5,2,1,2,,1,1,,3,2,3,,3,3,4,,4,,3,2,1,,,,,,2,1,,1,1,2,,,1,,,,1,2,,,1,,,,1,1,,1,1,1,1,,1,2,,,1,,3,2,1,3,6,3,2,3,1,2,1,1,2,,,3,2,2,,2,3,1,,,2,1,1,1,2,1,1,2,2,,2,1,1,1,,1,,,2,2,2,2,1,4,3,3,,,1,2,1,2,,1,,2,,3,,,1,,,1,,1,4,3,2,2,2,2,,1,2,1,2,1,1,1,3,1,2,1,,2,1,1,1,3,1,2,3,,2,2,1,,,,3,4,2,,2,1,1,1,,1,1,2,3,1,1,1,2,,,,1,1,1,,1,,1,,2,,,,1,,,1,1,1,,1,1,1,1,,2,1,,,1,1,,,,,1,1,,1,,,,1,,,1,,,,,,1,,,,1,,1,,1,,3,1,2,1,,,1,1,1,,2,,,,,1,2,,,,1,1,,,,,2,1,,,,1,,1,1,1,,1,,,1,,1,,,,,,,,,1,,1,,,,,1,,,1,2,2,1,1,1,,,,2,1,1,,,1,1,1,1,,,1,1,1,1,,,1,,,1,,1,,1,1,1,,2,1,1,3,2,,2,,,1,1,1,,,,,,,,,,,,,1,3,,,1,,,,,2,1,1,1,1
DE,,,,,,,,,,,,,,,,,,,,,,,,,,,,,,1,,,,1,,,,1,,,,,,,,,1,,,,,,,,,,,,,,,1,,,,1,,,1,,,,,,,,,,,,,,,,,,,,,,,,,,,,,,,,,,,1,,,,,,,,,,,,,,,,,,,,,,,,,,,,,,,1,1,,1,,,,,1,,,,,,,,,,,,,1,,,,2,,,,,,,,,,,,1,,,,1,1,,1,,,1,,,,,,,,,,,,1,,,,1,,,,,,,1,,,,,,,,,,,,,1,,,,,,,,,,,,,,,1,,1,,1,,,,,,,,,,2,,,,1,,,,1,,,1,,,,,,,,,,,1,,,,,2,,,1,,1,,,3,2,,2,1,,,1,,,,,,,,,,,,1,,1,1,,,,,2,,,1,,,,1,,,,,,,1,,1,,1,1,,1,,1,,,,1,,,1,,,,,,,,,1,,,,,1,,,1,,,,,,,,,,,,,1,,,,,1,,,,,,,,,,,,1,,,,,,,,,,,,,,,,,,,,,,,1,,,,,,,,,1,,,,,,,,1,,,,,,,,,,,,,,,,,,,,,,,,,,,,,,,,,,,,,,,,,,,,,,,,,,,,,,,,,,,,,,,,,,,,,,,,,,,,,,,,,,,,1,,,,,,,,,,,,,,,,,,,,,,,,1,,,,,,,,1,,,1,1,,1,,,,,,,,,,,,,,,1,,1,,,,,,,1,1,,,,,1,,,,2,,,,,,1,,,,,,,,1,,,,,,1,,,,,,,,,,,,,,,,,,,,,,,,,,,,,,,,,,,,,,,,,,,,,,,,,1,1,,,,,,,,1,,,,,,,,,,,,,,,1,,,,,3,1,,,1,,,1,3,,,,,1,1,,,,,1,,,1,1,,1,1,2,,,1,1,1,,2,1,,,,,,,1,,,,,,,,,,,,,,,,,,,,,,,,,,,,,,,,,,,,,,,,,,,,,1,,,1,,,,,,1,,,,,,,,,,,,1,,,,,,,1,,,,,,,,,1,,,,,,,,1,,,,,,,,1,1,,,1,2,,,1,,,,,1,,,,1,,1,,1,,,,,,,,,,,,,,1,,,,1,,,,,,,,,,,,,,,,,,,,1,,,,,1,1,,,,,1,1,,,,,,,,,,,1,,,1,,,,1,,,,,,1,,1,,,,,,,,,,,,,,,,,1,,,,,,,,1,,,,1,,1,,,,,,,2,,,,,,,,,,,1,,,1,,,1,,,,,,,,,,,,,,,,,1,,,,,,,,,,,,1,,,,,,,,,1,,,,,,,,,,,,,,,,,,,,,,,,,,,,,,,,,,,,,,1,1,,,,,,,,,,,,,,,,,,,,1,,,,,,,,,,,,1,,,,,,,,
FL,,,,,,,1,,,,,,,,,,1,,,,,,1,1,,2,1,4,6,6,6,3,6,3,4,3,5,4,4,1,2,4,2,2,3,5,1,2,3,1,2,2,4,3,3,2,5,3,3,2,4,2,4,4,3,1,2,4,,1,1,1,1,3,1,3,,1,1,1,,,1,2,2,3,2,1,1,2,4,2,,1,1,,,1,1,,3,,,3,1,2,,4,1,3,,2,4,,,,1,,1,,2,,1,3,4,4,6,2,7,7,8,7,7,9,12,7,7,8,8,5,7,6,18,6,6,9,7,6,5,5,10,4,6,11,4,11,6,8,4,7,6,6,8,9,5,7,4,6,6,2,2,6,3,10,4,5,5,6,2,6,2,3,4,,1,1,3,6,6,6,5,1,2,5,2,1,3,4,4,2,1,1,1,4,1,2,2,4,2,,3,1,7,2,1,3,6,1,3,,,2,2,1,4,3,3,,2,1,1,2,22,9,8,4,10,1,6,6,5,2,2,3,6,2,4,4,1,2,3,5,,1,5,3,3,1,3,2,3,2,2,1,1,1,5,8,4,4,7,2,3,5,9,2,7,1,5,6,5,14,15,11,7,4,5,2,2,3,8,7,3,6,4,3,1,5,4,7,8,4,3,7,4,6,4,8,7,6,4,3,1,1,7,10,7,2,5,5,6,5,3,,6,7,6,14,5,1,4,,2,3,2,4,4,4,1,4,3,8,2,2,4,6,3,3,10,2,4,6,3,,3,2,2,2,5,5,3,8,,5,1,,1,,3,3,,,2,1,1,4,2,3,2,3,1,,4,4,,2,5,,1,1,5,,,2,3,3,3,3,2,2,3,,,3,,2,1,1,2,1,3,4,2,1,1,,2,2,2,1,3,1,1,1,5,2,1,3,2,,,1,3,3,1,,,1,,4,1,1,3,1,2,2,3,5,1,1,,2,1,1,1,1,2,1,1,2,2,1,,,2,1,1,,,1,,,,,,3,1,,4,2,2,,,,,2,,,2,1,1,2,2,1,,,,,1,,2,2,,,2,1,,1,,1,2,,3,4,,4,1,2,3,4,1,2,4,6,4,6,6,4,1,3,3,9,6,9,6,4,2,5,4,5,10,6,9,6,7,6,6,6,6,8,7,5,9,2,6,3,3,4,6,7,10,6,5,10,2,2,5,5,2,4,2,3,2,4,6,6,2,2,4,3,4,4,4,4,1,6,3,2,2,3,3,3,2,4,1,4,3,2,2,1,4,1,2,1,2,1,4,3,2,1,1,1,1,6,2,,2,1,2,2,1,2,4,,1,2,,1,,2,1,,,,3,,3,2,2,2,1,,3,4,,2,1,2,2,1,1,1,,2,2,,1,3,5,4,4,2,2,2,3,4,2,3,4,1,2,3,7,7,5,7,14,9,20,16,26,20,14,18,20,34,26,25,13,14,23,29,35,28,41,25,22,28,27,16,13,10,19,13,20,14,14,12,15,6,9,13,10,10,3,10,7,9,5,2,8,4,3,2,4,4,6,3,5,1,3,3,2,3,2,2,9,2,1,4,1,2,1,,,1,2,2,4,1,2,,2,1,4,,2,,,3,1,1,8,1,1,1,1,4,4,,1,2,2,7,8,4,,1,,2,2,,3,5,,4,5,1,2,7,4,2,5,3,3,4,3,5,7,1,1,4,2,8,2,6,5,1,8,3,4,5,1,2,3,4,8,5,9,4,8,6,4,8,8,9,7,6,5,1,2,7,7,6,4,7,6,7,8,5,9,6,5,6,9,7,8,9,2,9,3,1,11,12,2,9,4,4,4,8,8,10,8,2,5,5,6,10,9,3,8,6,8,8,6,9,5,9,7,10,10,4,9,8,9,6,11,12,4,14,12,5,10,13,4,9,8,3,5,5,7,9,5,2,,4,2,1,4,5,5,3,5,4,6,11,3,4,6,5,7,2,3,1,,4,2,3,3,3,3,3,2,3,3,4,2,3,4,5,1,3,3,,1,2,,2,3,1,1,4,2,1,3,3,,1,1,,,,2,3,3,3,1,2,1,2,,1,2,2,,1,1,3,2,,2,2,4,,1,2,3,3,2,,1,,3,4,,1,,1,1,5,1,1,1,1,5,3,3,,,1,1,2,3,4,2,4,3,,5,2,,5,6,2,1,4,2,2,1,2,2,2,,4,5,5,5,2,4,2,1,4,7,2,1,2,2,6,6,2,4,1,3,4,5,3,5,1,2,1,1,3,4,1,4,2,2,2,3,2,5,2,1,4,1,2,3,3,4,1,4,,1,2,,,4,,1
GA,,,,,,,,,,,,,,,,,,,,1,1,1,,,,,1,,2,1,1,1,8,6,1,4,2,2,,1,2,2,,,1,,2,4,1,,,,3,2,3,,2,3,,,1,,,,2,2,,5,2,,2,,1,1,1,3,,,,1,,,1,1,,,,,,,,,2,1,1,,3,1,1,1,1,4,,2,,,,,1,,,,3,,,,1,,,1,1,1,,,2,,1,2,3,1,1,3,9,5,2,6,,2,2,4,7,1,4,6,6,8,5,3,4,2,4,4,1,4,3,7,5,1,1,4,3,3,7,4,2,1,,1,3,5,7,5,2,1,,4,8,1,2,3,2,5,4,,2,2,1,,4,3,,2,,1,,,1,3,2,,,,,3,1,,1,,1,1,1,3,2,,2,,1,,1,1,,,1,1,,1,,,,,1,1,14,4,2,4,5,3,2,1,,,1,1,,1,3,1,1,,2,,2,2,,1,,,1,,4,1,1,1,2,2,2,1,2,4,2,2,1,1,3,1,1,4,5,4,1,7,10,2,1,,2,1,2,1,1,3,5,3,4,,4,6,3,2,2,2,4,4,3,2,3,2,,3,2,2,2,4,1,3,7,1,2,4,4,5,5,4,4,3,5,2,4,3,,1,1,2,1,5,2,5,5,4,2,7,1,3,2,2,6,3,3,2,1,3,1,1,2,1,2,3,,,1,,3,,,,,,1,1,,4,2,3,1,2,,1,1,1,1,1,,,,,1,1,,1,1,,2,1,2,3,2,1,2,1,,,2,1,1,1,,1,1,,,,,1,,2,,1,,,1,,,1,2,,1,1,,,,1,1,1,1,,1,1,2,1,,,,2,,,,,,2,,,,,2,,,,,1,1,,1,,2,,,,,1,,,1,,,,2,,1,,,,,,,,1,1,,,,1,,,,,,,,,1,,,,,3,,,,,,1,,,,,1,1,1,1,2,1,1,2,1,1,2,,1,1,2,3,,2,,1,2,1,2,2,1,4,2,3,5,3,5,4,,1,2,2,2,4,2,2,3,3,1,1,1,5,,1,6,4,,4,2,1,1,2,2,2,1,5,2,1,1,,2,1,4,3,2,2,3,2,1,,2,2,,1,,,,1,,,,1,1,,1,,1,,,1,1,1,,,,,,,,1,,,1,,1,,,1,,3,,,1,,,,,1,1,1,1,,1,2,,1,,,,,2,,2,1,,,,,,,,1,2,,2,1,3,,,,,,1,6,6,1,5,11,12,12,17,13,9,7,11,14,9,12,12,7,7,18,13,8,15,3,4,4,8,5,5,6,2,4,7,3,2,6,3,3,3,3,4,6,2,3,2,2,1,5,2,3,1,2,2,1,,3,2,1,1,1,1,,,,1,1,1,1,2,1,,1,,,,1,1,,1,,,,,,,,,,,,2,1,,,,,,,,1,,1,1,,,1,,,,,,1,2,,2,,1,1,1,,,,,3,2,2,4,,1,,2,1,5,1,1,,2,,1,,1,1,1,,,1,1,2,1,1,3,1,1,2,2,2,2,1,2,1,2,3,1,3,3,2,2,2,3,2,1,1,4,4,1,3,1,1,,2,3,3,4,3,1,2,5,1,1,2,1,1,2,5,2,1,2,1,,1,3,2,4,2,1,,,3,2,8,1,2,,1,,3,1,1,3,3,3,5,2,4,1,1,3,2,5,4,2,4,5,2,2,1,,5,3,,4,2,3,2,5,,1,2,2,2,2,1,2,2,1,1,1,2,1,,3,1,1,1,,,1,3,2,1,2,,,2,3,1,2,1,,,4,3,1,1,,1,,,,,1,1,,1,,1,,,2,4,1,,3,1,1,,,1,,,,1,,1,3,,,1,1,,1,2,,2,1,,,1,2,,2,,1,,,1,,1,,,,,,,,,1,2,2,,2,,1,1,,,,,,,,,1,1,1,2,1,,2,,1,1,2,4,1,1,3,1,2,2,4,1,1,3,1,,,2,,1,,2,1,,2,2,,,2,,,,1,,1,1,,,1,,,1,2,,,,
HI,,1,,,,,,,,,,,,,,,,,,,,,,,,,,,1,1,,,,,2,,,,,,1,1,,,,1,1,1,,,1,,,,,,,,1,,,,,,,,,,,,,,,,,,,,,,,,,,,,,,,,,,,,,,1,,,,,,,,,,1,,,,,,,,,,,,,,,,,,,,,,,,,,,1,,,,,,,,,,,,,,,,,,,,,,,,,,,,,,,,,,1,,1,,,,1,,,,,,,,,,,,1,,1,,,,,,,1,,,,,,1,,,,,,1,1,,,,,,,,,,,,,,,,,,,,,,,,,2,,,,,,,,,,,,,,,,1,,,1,,,,,,,,,,,1,,1,,,,,,,,,,,,,,,,,,4,,,,,,,,,,,1,,,,,,,1,1,,,,,,,,,,1,1,1,,,,,,,,1,,,,1,,,,,,,,,,,,,1,,1,,,,,,1,,,,,,,,,,,,,,,,,,,,,,,1,,,,,,1,,1,,1,2,,,,,,,,,,,,,,,,,,,,,,,,,,,,,,,,,,,,,,,,,,,,,,,,,,,,,,,,,,,,,,,,,,,,,,,,,,,,,,,,,,,,,,,,,,,,,,,,1,,,,,,,,,,,,,1,,,,,,,,,,,,,,,,,1,,,,,,,,,,,,,,,,,,,,1,,,,,,,,,,,,,,,1,,,,2,,,,1,,,,,,,,,,,,2,,,,,1,,1,,,,,,,2,,,,,,,,,,,,,,,,,,1,,,,,,,,,,,,,,,,,,,,,,,,,,,,,,,,,,,,,,,,,,,,,,,,,,,,,,,,,,,,,,,,,,1,,,1,,,,,,,1,,,,,,,2,,,1,2,,1,2,1,3,1,2,,,,2,,2,1,1,1,1,4,1,,1,1,,,,,1,,,1,,,,,,,,,,,,,,,,1,,,,,,,,,,,,,,,,,,,,,,,,,,,,,,,,,,,,,,,,,,,,,,,,,,,,,,,,,,,,,,,,2,,,,,,,1,1,,,,,,,3,,,,,1,,,1,,,,,,,1,,,,1,,,,,,,,,,,,1,,1,,,1,,,2,,,,,2,,,1,,,1,,,1,1,1,,,,1,,,,2,,1,,1,,,1,,,1,,,,,1,2,1,,,,,,1,,,1,,,,,,,1,,,,,,,,,,,,,,1,,,,,,,,1,,,1,,,1,,,,,,,,,,1,,,,,,,,,,,,,,,,,1,,,,,,,,,1,,,1,,,,1,,,,,,,,,,1,,,,,,,,,,,1,,,,,,,,,,,,,,,,,1,,1,,,,,,,,,,1,,,,,,,,,,,,,,,,,,,,,,,,,,,,1,,,,,,,,,,,,,,,,1,1,1,,1,,1,,,,,,,,,,,,,,,,
ID,,,,,,,,,,,,,,,,,,,,,,,,,,,,,,,,,,,,,,,,,,,1,,,,,,,,,,,,,,,,,,,,,,,,,,,,,,,,,1,,,,,,,,1,,,,,,,,,,,,,,,,1,,,,,,,,1,,,,,,1,,,,,,,,,,1,,,,,,,,,,,,,,,,,,1,,1,,,,1,,,,,,,,,,1,,,1,,,,1,,,,,,1,,,,,,1,,,,,,1,,,,,,,,,,,,,,,,,,,,,,,,,,,,,1,,,1,,,,,,,,,,,2,,,,,,,1,,,,,,,,,,,1,,,,,,1,,,,,1,,,,,,1,,,,1,,,,1,,,,2,,,,1,3,,,,,,,,,,,1,1,,,1,1,1,1,1,,1,,2,,,,,,,1,,1,,,,,,,,1,,,1,1,1,,,,1,,,,,,,,,,,,,,,,,,,,1,,,,1,,,,,,,,,,,,,,,,,,,,,,,,,,,,,,,,,,,,,,,,,,,1,,,,,,1,,,,,1,,,,,,1,,,,,,,,,,,,,,2,1,,,,,,,,,,,,,,,,,,,,,,,,,,1,,,,,,,,,,,,,,,,,,,,,,,,,,,,,,,,,,,,,,,,,,,,,,,,,,,,,,,,,1,,,,,,1,,,,,,,,,,,1,,,,,1,,,,,,,,1,1,1,,,1,,,,,,,,,,,,,,1,,,,,,,1,,,,,1,,,,,1,,,,,1,,,,,,,,,1,,,,1,,,,,1,,,,,,,,1,,,1,,,,,,1,,1,,1,,,,1,,,,,,,1,,,,1,,,,,,,,,,,,,,,,,,,,,,,,,,,,,,,,,,,,,,1,,,,,,,,,,,,,,,1,1,1,1,,,2,,,3,,,,1,,,,,,,2,,2,1,1,,,,1,1,,,,,,,1,,,,,,,,,,,,,,,,,,,,,,,,,,,,,,,,,,,,,,,,,,,1,,,,,1,,,,,,,,,,,,,,,,,,,,,,,,,,,,,,,,,,,,,,,,1,,,,,,,1,,,1,,,1,,1,,,,,,,,,1,,,,,,,,,,,1,,,,,,,,,,,,,1,,,,,,,1,,,1,,,,,,,2,,,1,,,,,,,,,,1,,,,2,,,,,1,,,,,,,,,,,,,,,,,,,,,,,,,,1,,,,,,,,,,,,,,,,,,,,,,,,,,,,,,,,,,,,,,,,,,,,,2,,,,,,,,,,1,,,,,,,,1,,,,,,,1,,,,,,,,,,,,,,,,,,,,1,1,1,,1,,,,,,,,1,,,1,,,,,1,,,,,,,,,,,1,,,,,,1,,,,,,,2,,,,,,,,,,,1,,,,,,,,,,,,,,,,,,,,
IL,,,,,,,,,,,,,,,,1,,,,1,1,1,,,,1,1,,8,3,,3,1,4,4,8,4,6,2,4,1,3,4,5,2,1,3,2,2,1,2,6,2,5,1,2,3,,1,3,6,,2,,1,2,2,1,,1,4,1,,1,,,2,2,2,1,1,3,2,3,3,4,,1,1,3,1,,,,2,3,2,2,2,,3,,,1,2,1,1,1,1,,,,1,1,,1,1,,2,3,1,2,1,1,4,2,2,,2,1,1,2,2,2,6,1,3,2,,4,2,3,8,1,,3,1,3,3,1,1,4,3,1,9,3,3,1,2,2,3,2,3,3,,,3,2,3,5,1,1,2,,2,3,4,1,1,1,1,1,8,3,4,1,2,,4,2,1,1,1,,1,,2,3,2,2,1,,,,2,2,1,1,3,1,1,3,1,,2,,2,2,1,3,,4,,,1,1,1,1,,1,1,1,12,5,3,7,6,4,4,4,5,1,3,1,5,2,3,1,2,3,1,1,1,3,2,4,2,6,10,7,3,4,,5,5,2,2,4,4,4,7,1,7,5,10,7,8,5,3,5,10,12,14,3,3,5,5,2,3,1,3,3,4,4,3,6,3,5,,6,5,5,4,4,6,6,6,2,2,6,4,2,3,3,7,3,1,1,1,6,2,4,2,6,8,1,4,2,3,2,2,2,4,3,4,4,1,2,1,4,,2,1,3,1,4,1,1,,4,2,1,1,,,3,3,1,3,1,1,,2,3,1,2,1,2,,,1,1,,2,,,3,2,,1,2,1,,,1,1,1,,,3,5,,1,1,2,,1,2,1,,,1,2,2,,2,2,,2,1,,,,1,1,,2,2,1,1,2,2,,,1,2,5,4,3,,,,,3,1,1,,,2,1,2,,,,,,1,1,1,,3,,1,1,,1,,1,,1,,1,1,,1,,,,,1,,,,,,,1,,,,,,,1,,,,,,1,,,2,1,,,,,,,,3,1,,,,,,,,,1,,1,2,,,1,3,2,1,,,1,2,,1,1,2,2,1,1,4,1,,3,,,5,2,1,1,,1,2,2,2,1,2,1,,2,2,4,4,,2,1,3,3,2,2,2,2,2,4,1,3,4,,2,3,2,,,3,1,1,2,1,,1,1,1,1,2,3,3,2,,,1,1,1,1,3,2,4,3,1,1,,,3,1,1,1,,1,,,1,3,,1,,,,,1,2,1,1,4,3,1,,1,,1,,1,,,1,4,1,2,,,1,1,5,2,,1,,1,4,,4,4,3,1,1,,2,4,2,6,2,,1,3,3,2,1,,1,2,7,6,8,11,11,7,10,19,23,20,18,13,13,7,21,19,24,24,10,2,22,21,18,19,21,7,10,9,6,12,10,8,2,3,7,2,9,3,5,4,11,6,10,3,4,7,4,5,6,3,3,1,1,3,1,2,1,2,2,3,,,1,,1,,1,1,1,,1,,3,,2,,,,2,1,1,2,,1,,4,,1,,,,1,1,2,,1,4,,3,3,4,2,1,2,1,2,,3,2,,3,1,,4,3,2,2,4,1,5,5,1,2,1,2,3,5,4,3,4,4,3,4,8,2,2,4,1,4,4,2,2,5,6,,1,5,2,3,11,7,3,3,5,6,4,2,6,5,3,5,5,4,3,3,4,2,4,7,3,4,3,4,1,2,5,3,2,3,,1,5,7,3,2,5,5,3,,4,4,3,,3,5,7,2,4,6,3,3,2,2,6,2,3,5,4,2,5,7,6,3,3,3,2,5,4,4,5,4,2,2,1,4,9,5,2,5,7,7,3,7,2,6,4,3,3,2,4,1,5,2,2,5,8,2,2,,3,7,3,,,3,2,2,2,5,3,1,1,1,1,2,,1,1,1,3,2,3,1,3,3,5,,3,2,3,2,,3,,5,2,,1,1,1,4,1,,,,2,1,3,3,1,,1,1,3,1,1,,,2,1,4,,1,1,1,2,2,,,,1,3,2,1,,4,,2,4,4,1,2,1,,1,2,2,,,1,2,1,4,1,1,3,4,2,,,3,2,1,1,1,2,2,1,3,1,4,4,1,1,5,3,1,2,3,2,3,3,2,4,4,1,2,1,1,3,1,,1,,2,1,,1,2,,2,2,3,3,2,,1,1,,1,4,2,1,1,2,1,,1,3,2,,1,2,1,,1,,,2
IN,,,,,,,,,,,,,,,,,,,,,,,,,,,,1,3,4,2,,1,3,2,2,,1,2,1,1,,,2,2,2,,2,1,,3,,,1,,,1,1,,,1,1,,,,,,,,,1,,,,1,2,1,,3,,1,,,2,1,2,,,,,1,1,1,,1,,1,1,2,,1,1,,2,,1,1,,,1,,,,2,,,,,1,,,1,1,2,2,3,5,1,1,,,1,6,,1,1,,2,,2,,,,1,7,1,3,,1,,2,2,2,3,,,7,4,1,2,3,2,2,1,,,2,,,,,1,1,2,4,2,1,1,1,2,,2,1,3,1,,2,1,1,3,1,2,,1,2,3,,1,,1,2,,2,,3,,,1,,2,,,2,,,,,2,2,1,1,4,1,1,,,,3,3,1,1,2,8,4,1,5,1,2,1,3,1,2,4,1,,2,4,,2,1,,1,1,1,4,1,3,3,3,2,2,2,1,5,1,3,3,1,,1,3,1,2,3,8,3,2,6,2,3,6,8,4,7,4,5,1,2,1,,2,2,,5,6,3,1,1,1,1,4,3,3,3,4,2,2,4,3,3,4,1,,2,3,2,2,3,1,2,3,2,3,4,1,4,3,1,4,,3,4,,5,1,1,3,5,3,2,,2,1,1,1,1,2,1,,2,,1,1,1,4,2,2,,1,,,1,1,,,,,,2,,,,1,1,1,,1,2,,2,,,,,2,,1,,,1,1,2,1,1,2,,1,1,,1,2,,,,,1,1,1,,1,,,1,1,,,,,1,2,,,1,,1,,,,2,,1,,2,,,,1,2,,2,,,1,,,1,,,,,,,1,,,,,1,,,,,,,,,,,1,,1,,,,,,,1,,1,,1,,,,,,,1,,,1,,,,1,,,,,,,,,,1,,,,1,1,1,1,,,,,,,,,,1,,1,1,1,,1,2,1,2,,1,,,,2,1,,2,,1,3,1,1,3,1,2,,,4,1,2,3,2,,,2,4,,2,1,1,4,,,,,,1,1,1,1,1,1,1,1,1,1,1,,,,,,,1,,1,,,1,,1,1,2,1,,,,4,2,,,,2,2,2,2,,,,,2,2,2,1,1,2,1,1,1,,2,,,2,,2,1,2,,,3,3,1,1,2,,,,,,1,1,1,1,1,1,,,1,1,1,,,2,2,2,1,2,,2,,1,1,1,,,5,2,2,1,3,2,3,5,8,6,4,2,4,5,7,6,8,9,1,6,8,6,10,10,5,6,3,10,5,8,8,5,3,4,3,6,6,8,11,6,5,3,4,2,3,2,1,1,3,5,3,3,2,4,1,,,2,,3,,,,1,,3,,1,1,1,,,,,,,,,,2,,,,,1,,,,1,,,,,1,,,1,,1,2,,,1,,,,1,1,,2,1,,1,,1,1,,,,1,1,,2,1,,1,3,,3,1,,,1,1,2,1,1,,,,,,,1,1,1,1,1,2,2,2,1,2,1,,5,1,3,2,4,2,4,,,3,4,1,2,2,4,2,,2,2,,,2,1,,1,1,3,1,2,1,1,2,3,,3,,2,,,,3,3,1,1,1,,1,2,2,3,,1,,3,3,2,2,1,3,3,2,1,1,1,2,,,,1,1,3,1,,1,,2,5,1,2,4,2,1,1,4,2,,,1,1,1,1,1,1,1,,1,2,1,,5,,,,,,,,1,,1,1,,1,1,3,,1,2,,1,1,,,,1,1,2,2,,1,,1,1,1,1,,2,1,1,2,2,1,,,,,2,,1,,,2,4,,2,1,,2,,,,,1,,,,1,1,1,2,3,1,,1,,1,,,1,,,1,,,3,,,,2,,1,,1,1,,5,1,2,2,,1,1,1,,1,,1,,,,1,,,3,,,,2,,,1,1,2,1,,2,,,1,,1,1,1,1,,,,,2,1,1,,,,1,1,,,,1,,,,,1,,,1,,,4,1,2,1
IA,,,,,,,,,,,,,,,,,,,,,,,,,,,,,,1,,1,,,,1,,,,,,1,,,,,1,,,,1,,1,,,1,1,,,,,,,,,,1,,1,1,,,,,2,,,,,,1,,1,1,,,,,,,,1,,,,,,1,1,,,,,,,,,2,,,,,3,1,,,,,,,,,,1,1,1,1,1,,1,,1,1,2,1,,,2,,2,1,2,3,1,3,1,2,1,,1,,,,1,1,,1,,2,,1,3,,,,,,,,,,,,,,,,1,,,1,,,,2,,,,,,1,,1,,,,,1,1,1,1,,,1,,,2,2,,1,,,,1,,,1,,,,,1,,,,,1,1,,,,,2,2,1,,4,,1,1,,,2,1,,1,1,2,2,,,,,,1,,,,2,,2,2,,1,,3,3,,2,1,1,2,,1,5,3,,,2,1,3,5,,1,2,2,,1,,1,,2,2,,,2,1,2,2,,2,1,1,1,,,,1,1,1,1,2,,1,,,,,,,,1,1,,,,,1,,2,,,,,,,,,,,,1,,,,1,,,,1,1,1,1,,,,,,,1,,,,,,,1,,,1,,,,,,,,,,1,1,,,1,1,,,,1,,,,,,,,,,,1,1,,1,,,,,,,,,,,2,,,,,,,,,,,,1,3,,,,,,,,,,,,,1,,,,,1,,,,,,,,,,,,,,,,,,,1,1,,,,,,,,,,,,,,,1,,,,,,,,,,,,,,,,,,,1,,,,,1,1,,,,,,,,1,,,,,,,,1,,,,,,1,,,,,,,,,,3,,,,,,,,,,1,1,,,,,,1,,1,,,1,,,,,,1,,1,,,1,,1,1,1,2,,,,,1,,1,,,,,1,,,,2,2,,,1,,,,2,,,1,1,,,,1,,1,,,,,,2,,,,,,,,,,,,1,,,1,,,,1,,,,,,1,,,,,,1,,1,,,,,,1,1,1,,1,,2,,,2,,,,,,1,,,3,,,1,,,2,2,2,2,1,,,3,2,1,4,3,1,1,7,2,4,4,1,3,5,,5,3,1,1,1,5,2,1,1,2,2,2,2,5,1,1,1,2,,,1,2,,,,2,1,,1,1,,,1,,,,2,,1,,,,,,,,,,,1,,,,,,,,,,,2,,,,1,,,,1,,1,,1,,,2,,,1,,1,,,,,1,1,,,1,1,,,,2,,,1,,,,,,1,,,2,1,,,1,2,,2,,,3,,,,1,,,2,,1,,,,1,1,,,1,,,,,1,,1,3,,,,,1,2,2,,,,1,1,1,,,,,1,1,,,,,,,,1,2,3,,,,,,,1,,1,,1,,2,1,,,,2,2,1,1,4,4,,,,1,,,,2,,1,,,,,1,,2,,1,,,1,1,2,,1,,,,,,,,,,,,,,,,,,,,2,,,,1,1,,1,,,,,,,,,,,1,,,,,,,,,,,,,,1,1,,,,,,,,3,2,,,,,,1,,,,,,,,1,1,,1,,,,,,,,,1,,,,,,,,1,1,1,,,,,,,,,,,,,,,1,,1,,,,,1,,1,,,,,,,,3,1,1,1,,1,,,,,,,,,,1,1,,,,1,,,5,,1,1,,,2,,,,,,1,,,1,,
KS,,,,,,,,,,,,,,,,,,,,,1,,,,1,,,,1,1,,1,1,,4,2,,2,,1,,,2,1,1,,1,,,,2,1,,,,1,2,,,,2,2,1,1,1,,,1,1,1,,1,,,1,,,,1,2,,1,1,,1,,,,1,,,,1,,1,,,,,,,1,1,,,,,1,,1,1,,1,,,,1,,1,,,,,,1,,1,3,,1,2,1,,1,3,,,,,,2,3,2,1,2,3,1,1,,,1,2,,2,1,1,1,1,2,1,3,2,1,,,1,1,1,,1,,,,3,2,,1,1,1,1,,1,4,1,1,1,,1,1,1,1,1,,1,,2,,,,,,2,1,2,,1,,,2,,1,1,,,1,,1,3,,,,1,,4,,1,,,,,,,6,2,,,4,1,3,1,1,1,,,,,2,1,,2,1,,,,,,,1,2,2,3,1,3,1,2,1,,,1,1,1,,2,2,2,2,4,,3,4,1,5,4,2,2,3,5,2,,,,2,2,3,2,,,1,1,2,1,3,4,2,,2,,1,4,2,1,2,1,1,2,,2,3,1,,1,3,2,2,,1,1,2,1,3,1,3,,3,1,3,2,,1,,1,,2,,1,,1,,,1,2,,2,,,,2,,,,,,,,,,,,,1,1,,,,,1,,,,,,,,,,,1,1,,,,1,1,1,,,1,,1,1,,,1,,,2,1,,1,1,,,1,1,,,,,,,,,,,,1,,1,,,1,,,,,1,,,,,1,,2,1,,,,,,,,,,,,1,1,,,,,,,,,,1,1,,1,,,,,,1,,,,,,,,,,,,,,,,,1,,1,,,,,,,,,,1,,,,,1,,,,,,,,,,1,,1,1,,,,,1,,,1,,2,,,,2,,2,,,,,1,,1,,1,,,1,2,2,2,1,1,,,,3,,,,1,1,,4,,,1,,1,,1,3,1,,,1,,,,,1,,1,,1,1,1,1,2,,,,,,1,,,,1,,1,,1,,,,,,1,,,,1,,1,,,1,,1,1,1,,,,,1,,,1,,1,,,,,,,,1,,1,,1,,,,1,,,1,,1,,1,,,,,1,,2,3,3,3,,,2,,1,3,1,,3,3,1,3,3,2,,5,4,5,3,8,1,1,4,4,6,10,3,4,4,4,4,2,8,6,5,2,1,4,5,6,5,4,6,3,2,2,2,1,2,1,,1,1,1,1,1,1,2,,,,2,,,,,1,1,1,,1,,,,1,1,,,,,,,1,1,,,,1,,,,2,,,1,,,,,,,1,,,1,,,1,2,1,,,,,1,,1,1,,1,1,2,1,,1,,,1,,,,1,1,1,1,,2,,3,,,1,1,2,1,,,,,,,1,,1,,,,1,,,2,,,,2,1,,,3,,,1,3,,1,1,1,,1,2,1,1,1,2,,,1,3,1,,,,1,1,,1,1,3,3,2,2,,1,1,,1,1,1,2,,,1,1,2,,1,,1,,1,1,2,1,2,3,,3,2,2,1,1,,,3,1,1,,,1,2,2,,1,,2,,2,,1,1,1,1,,1,,1,,3,1,1,,,,,2,,,,1,3,,,,,,1,1,,1,,1,2,,,,,1,1,,,,,,1,,,,,,,1,,,,,,,,,1,1,,,,,,1,,1,1,1,1,1,2,1,,,,,,2,,,,,,,1,1,2,,,1,1,1,1,,1,1,,,2,2,1,1,2,,1,,,,,1,,,,2,,,1,,,1,,,,,,,,,,1,2,,1,1,2,1,,2,1,,,1,,,,,1,,1,2,,,1,,,,,,,1,1,,1,,,,,1
KY,,,,,,,,,,,,,,,,,,,,,,,,,,,,2,,,,1,,,1,,,,1,,,,,1,,,1,,,,2,,,,,,,,,,,,,,,,1,,,2,1,,,,,,,,,,,,,,,,,,,1,2,,,,,,,,,,,,,1,,,,,,,,1,,1,,,,,,1,,,1,1,,,,,,,,,,,1,,1,,,,,,,,,,,,,,,,1,1,,,1,1,,,1,,,,,,,1,,,1,,,1,,,,,,1,,,1,,,,,,,1,,,,,1,,,,,,,1,,1,,2,,,,3,1,,1,,,,,,,,,,,,,,1,,,1,,,1,,,,3,,,2,,1,,,,,1,,,,,,,1,,,1,,1,3,1,1,2,,1,1,1,,2,,,,,1,1,3,,,,1,,,1,,,1,1,,3,,1,1,1,1,1,2,,1,,,2,3,3,,1,1,1,,1,1,1,,1,1,1,,,,,3,,,1,,,2,1,1,,2,,,1,,,,,3,1,,1,,1,2,,1,,,,,,,1,,1,,,,,1,1,,1,,,,,,,,,,1,1,,,,,,,,1,,,2,,1,1,2,,1,,,,,,,,,,,9,,,,,,,,,,1,,,,,1,,,,,,,,,,,,,,,,,,,,,,,2,,1,,,,,,,,,,,,,,,,,1,,,,,,1,,,,,,,,,,,,,1,,,,,,,,,,,,,,,,,,,,,1,,,,,,,,,,,,,,,,,,,,1,,,,,,,,,,,,1,,,2,1,,1,,,1,,,,,1,,,2,1,1,2,,1,1,1,,1,1,,,1,1,1,,,,1,,1,,,1,1,1,1,5,,,,,,,1,2,,,,,1,1,,,,,,,,,,,,,,,,,1,1,,,,,1,,2,1,1,,,,,,,1,,,,,2,,1,,1,,,,,,,,,,,1,,,,,,,1,,,,,,,,,1,1,,,,1,,,,,,,,1,,1,1,,,1,2,,2,,1,1,2,2,1,3,1,2,1,2,1,1,,3,3,,1,,1,1,,1,1,1,5,3,4,,1,1,3,2,1,3,2,,2,2,,,,,,1,2,1,,,,2,,2,,,,,,,,,,,,1,1,,,,,,,,1,,,,,1,,,,,,,2,,,,,,,,,,,,,,,,,1,,1,,,1,,,1,,,,,,,,,,1,2,,,,,,1,,,,,,,,,,,,,,,,1,,1,1,,,,,,,1,1,1,3,1,1,,,,,,2,2,,1,,,,2,,1,,,,,,,,1,,,,,,,,,2,1,,,,1,1,,2,,,1,1,1,1,,2,,1,1,2,1,,,,,,,,,,,,1,,,,,,,,,1,,,,,,,,,,,1,,1,1,,,,1,1,,,,,,,1,,,,,,,,,,,,,,,,1,,,,,,1,,,,,,,,,,,,,,,,1,,,,,,1,1,,,1,,,,,,,,,,1,,,,,,,2,1,,,,,,,,,1,,,,,,,,,,,,,1,,1,,1,2,,,,,,,,,,1,,,,,1,,,,,1,,,1,2,,,1,,1,,2,1,,,,,,,,,,,,,,,,,,2,,,,,
LA,,,,,,,,,,,,,,,1,,1,,,,,,,,,,1,,2,2,,2,2,2,3,2,,2,2,1,1,,1,1,4,2,3,1,1,3,,2,,,1,,,1,,,,3,1,,,,,,,1,,,,,,1,1,1,1,1,,,,,,,1,,,1,,,,1,1,1,,,,,,,,,,,,,,,,1,1,1,,,,,,2,,1,,,1,1,,,,1,1,3,1,1,1,1,1,1,1,1,,,2,2,,,2,1,1,1,,3,3,,1,1,1,,,2,3,2,1,,,2,2,5,4,1,,1,,,1,1,1,,1,,2,1,2,1,,,,,1,,,1,1,,,,,,1,,,1,1,1,,,1,1,,,1,,,,,,,,,,,,1,1,,,,,1,,,2,3,3,3,3,1,1,,2,,,,,,,1,,,1,1,1,3,,3,,,,2,,,,,,2,,1,2,,,3,,,1,,1,2,,1,1,2,4,1,,,2,1,1,1,5,2,3,1,3,1,1,1,,1,1,1,,2,1,,3,1,2,3,3,3,,1,1,1,2,,2,1,4,1,2,3,1,,3,2,5,,2,1,,1,2,2,2,,4,1,1,2,2,1,2,3,1,2,1,2,2,,1,1,2,,,,1,,,1,2,1,,1,,,1,,2,,,1,,,1,1,2,1,1,,1,,,,,1,,,,,,,,1,,1,2,1,2,,1,1,,,,,,,,1,,1,,,,,1,,,,,,,,,,,,,,,,,,,,,,,,1,,,,,2,1,,,,,,,,,,1,,2,,,,,,,,,,,,,,,,,,,,,,,1,,,,1,,,,,,,,,,1,,,,,,,,,,,,,,,,,,,1,,,1,1,,,,1,,2,1,2,1,6,1,,5,1,3,,1,2,1,2,3,3,1,,5,3,1,,1,,3,2,4,1,3,2,2,2,1,1,2,1,2,1,,1,1,,,1,,1,,,1,,,,2,,,,,1,,3,1,,,1,1,1,,,,,2,,,,1,,,,,2,1,1,,,,,,,,,,1,,,,,,1,,,,,,,,,,,,,,,,1,,,,,,,,,,,,1,,1,,,1,,,,,,,1,1,1,2,,,,,,1,3,2,,1,2,4,3,7,3,3,3,10,10,13,5,5,4,4,4,8,4,7,6,2,3,6,6,7,2,2,1,3,4,4,2,2,4,2,3,1,2,3,3,3,,5,1,,,,1,1,2,1,,,1,2,1,,2,,1,,,1,,1,,,,1,,2,,,,,,,,,1,1,,,,,,,,1,,,1,,,,1,,,,,,,,,,1,1,1,,,1,1,,2,,,,,,,2,2,1,,,,,,,,,,1,1,1,1,1,1,,,2,1,3,2,,,1,,,,,1,1,2,1,2,1,1,1,3,,1,1,4,1,,,,,,4,2,1,,2,,2,2,3,2,,,2,1,1,,3,2,,1,1,,1,2,2,,1,3,1,2,4,,1,,2,2,4,,1,3,1,,3,1,,1,2,,,1,,1,1,2,1,,,2,1,1,,2,2,,1,,1,1,,,,,,,1,1,1,1,,,1,,,,,,,1,1,,,,2,,,,1,,2,,1,,1,,,,,1,,1,,1,,3,,,,,,,1,,,,,,1,,,,,,,,,,,,,,,,,1,,,,,,,1,,,,,,,,,1,,,,,1,1,,,,,,,,,,,,,,,1,1,1,,,1,,1,,,,,,2,,1,,,,1,3,1,,,3,1,,,2,1,2,,,2,1,,,,1,1,2,1,,,1,,,1,2,,,1,1,,,,,,1,2,,1,
ME,,,,,,,,,,,,,,,,,,,,,,,,,,1,,,,2,1,,,1,,4,,3,1,,1,1,,1,,,,,1,,,1,,1,,,,,,,,1,1,,,,,1,,1,,,,1,1,,,2,1,,,,,1,,,,,4,,,1,,,,1,,,,,,,,,,1,,1,,,,,,,,,,,1,,,1,,,,,,,1,,,,1,2,,,,,,1,3,,,1,3,,,1,,,,1,,,,,,1,,,2,,,,1,,1,1,1,,,,,,1,1,,,,2,1,,,,,,,1,,,,,,,,,,,,,,,1,,,,,,1,,,,,,1,,,,2,1,,,1,,,,,,,1,,,8,1,,2,2,4,3,1,2,,1,,,,,,,,,,1,,,1,,,,1,1,1,,,,,1,1,,,1,,1,3,2,3,,,1,,1,4,3,2,,,,2,,,1,2,1,1,1,2,1,,2,2,,,1,1,,,,,1,,,1,,1,,,,,1,1,,,1,,,,,2,,1,,,1,2,2,,,,,1,,,,,,1,,,,,1,,2,,,,1,,,,,1,,,,,,,,1,,,,,,,,,,,,,,1,,1,,,,1,,1,,1,,2,,,2,,,2,,,,4,1,,1,,,1,,1,,,,,3,,1,,,,1,1,1,1,1,,1,,1,,,,,,,1,,,,,1,,,2,,,1,,,,,1,,,,,,,,,,1,,,,1,,,,,,,1,,,,,,,,,,,,,,,,,,,,,,,,,,,,1,,,,1,,,,,,,,,,,,,,,,,,,1,,1,,,,,1,1,1,,,1,2,,1,,,,1,2,,,1,,,1,1,1,,,,2,,3,,,3,,,1,,,,,1,,,,1,,1,,,,1,,,,,,1,3,1,2,1,,1,1,,,1,,,,3,3,,,,,1,,,,,2,1,,2,,3,,3,1,,,1,,,,,,,,,,,,,,1,1,,,,,,,,1,,,,,,,,,,,4,,1,1,,,1,1,,,1,1,,3,,1,1,1,,,1,4,1,2,3,,4,2,5,5,2,3,3,2,3,1,2,5,2,5,4,8,1,3,1,1,2,1,4,3,3,5,5,4,1,2,2,2,3,3,1,,,1,1,,,,,,1,,1,,1,,,1,2,1,2,,,1,,,,,,,2,,,,,,1,,,1,,1,,,1,,,,,,,,,,,,,,1,,1,,,,3,,,1,,2,1,1,,2,,,1,,3,,,1,1,2,,4,2,,,2,1,2,1,2,1,3,3,1,1,1,2,2,1,1,,2,1,,3,2,2,2,4,1,1,5,1,2,,3,2,1,2,2,,1,2,,1,,,1,1,,3,1,2,,4,1,,,6,1,4,4,2,,2,1,3,1,3,,2,,2,1,1,4,1,1,,1,,1,,,2,1,,1,1,1,,,2,,4,2,1,,,1,2,,2,2,,1,1,,2,1,1,1,,3,1,,,1,,,1,2,,,1,,,,,,,,1,,1,1,,,3,,1,,,,,,,1,2,1,,,,1,1,,,1,,,1,1,1,2,3,1,,1,,,1,1,2,,,,,3,2,1,,1,1,1,,,,,,,,1,1,,,,,,,,,,,,,2,1,1,1,1,2,3,,2,,2,1,,2,,,,1,,,1,5,,,,,1,3,,1,,2,,,2,,1,,1,,1,2,1,2,,,1,,,,1,,1,2,,,2,,,1,,2,,,,,1,,,,1,1,,,,,1,1,,1,,
MD,,,,,,,,,,,,,,,,1,,,,,,,1,,,,,,2,,1,1,,2,,4,2,,,1,,1,2,1,2,1,1,2,1,,,1,2,2,,,,,,,,,,,1,,,,1,1,,,,,1,,,,1,,,,1,1,,,,,,1,1,1,2,,,2,,,,,1,1,,2,,,,,,,1,,,,,,,,,,,1,1,,,1,,1,,1,,,,,,,,,1,,,,,,,,2,1,1,,2,1,1,1,,,1,2,,1,1,2,,,1,1,1,1,1,,1,,1,1,1,1,,,,2,,2,1,,,1,,,2,,1,,1,1,1,,,,2,,,,,2,1,,,,,,1,,,,1,,,2,,,,,,,,,,,,,,1,2,4,,2,2,,,1,,2,2,,,1,1,,,3,1,,,1,,,1,,,,2,2,,1,,,,2,3,,2,1,,1,2,,1,,2,1,2,8,2,3,,,2,3,3,,,,1,2,2,2,3,1,1,2,4,,2,,,1,2,1,1,,1,1,1,1,3,,1,,1,,,2,,1,2,1,1,1,1,1,,,1,,,4,1,1,,2,,1,,1,2,3,2,1,,2,,,1,2,1,,1,,1,,,,1,,,,,,,,,1,,,1,,,1,1,1,1,1,,,1,1,,,,1,,2,1,1,,,,,,1,,1,1,,,,,,1,,,1,1,2,,1,,1,,,2,1,,,,,,,,,1,,,,1,,1,,,,1,,,,,,,,,,,,,,,,1,,,,1,,,,,,,,,,,,,,,,,,,,,,,,,,1,,,1,,,,,,,,,,,,,,,,,,,,1,,,,,,,,,,,,,1,,,,,1,,,,,,1,,,,,2,,1,2,,,2,3,1,,1,,2,,,,,,,,,,,,,,1,,2,,,,,1,,1,1,2,,,,1,1,1,1,1,,,,,2,,1,1,,,,2,,,,,,1,,,,,,,,,,,,1,,,1,1,,,1,1,,,2,1,,,,,,,1,,,,,,,,,,,,,,,1,,,1,1,1,,,,,,,1,,,1,,,1,,1,,,,,3,7,4,5,3,4,4,12,5,5,2,4,10,5,6,9,13,5,2,9,4,7,6,5,5,3,4,4,3,1,3,,2,,1,1,1,1,1,3,,1,1,2,,,1,2,1,1,1,,,,3,,1,,1,,1,,2,,1,,,,,,,1,,1,,2,,1,,,,,,,,,,,1,,,,1,1,,2,,1,1,,,2,,1,2,,,,,,,1,1,,1,,1,,,,2,1,,,,4,,,,,2,1,,,1,,,,,,1,3,3,1,1,2,1,,5,,1,1,1,2,3,2,2,1,2,3,1,2,3,1,,,,2,,1,,1,,1,2,,,1,,1,3,2,5,,,1,1,1,,1,2,3,,1,2,2,5,1,1,,,1,,,1,,,1,,2,3,,,1,2,1,2,,1,,2,1,4,2,2,1,1,,1,,4,,2,1,,2,3,4,1,1,,2,3,1,,2,,1,1,2,,2,1,2,,,,,,1,1,,,,1,1,3,,,,,1,1,,1,1,,,1,2,,2,,,,1,1,,1,,,,1,,,,,,,,,,,,,,1,,1,,2,,,1,1,1,,,,1,,,,1,,,,,,1,1,,,,,,,1,,,1,,3,,,2,1,1,,2,1,,,1,1,1,,1,,,,,1,1,1,,1,,1,2,3,1,4,,,1,2,,2,,,2,1,,,,2,1,1,,,,,1,1,,1,3,2,2,1,1,,1,2,3,,1,,,1,1,,,,,
MA,,,,,,,,,,,,,,,,,,,,,,,,,,2,1,1,3,3,2,6,8,1,5,7,,1,1,3,4,2,1,3,,1,3,,3,2,1,1,,3,,2,3,1,6,9,2,3,,1,2,1,,1,2,1,1,3,,1,2,1,1,,1,,,1,1,4,,,2,2,2,2,,,1,,,1,,,,,,,,,1,2,2,1,1,1,,1,,,,,,,1,1,,2,,1,1,1,1,,,1,,3,,,2,,,1,1,,,2,1,,1,2,1,,,1,,2,3,,1,1,,1,,,2,2,2,2,,,5,2,1,2,,1,,,,,2,,1,1,2,2,2,1,,,,2,4,,3,1,,,,1,1,,,,1,1,,,,,2,,,1,,,,1,,,,,1,,,,,,3,,,,1,1,1,2,19,7,3,4,5,1,1,4,1,2,2,,1,3,3,1,,,,1,,2,1,,1,,,1,2,1,1,2,1,,2,2,4,1,1,1,,1,6,2,4,3,3,1,4,8,7,3,1,2,7,3,2,,2,1,2,2,,3,4,4,,4,1,2,2,3,1,1,2,,2,3,3,2,1,3,1,3,,2,2,1,1,1,4,2,4,3,4,5,3,2,5,3,4,3,5,3,2,2,4,4,3,,4,1,3,3,1,3,4,2,3,,1,,1,,1,2,,,1,2,1,,2,1,,,2,,1,1,1,,,1,,,4,,1,,,1,1,,1,,,1,1,1,,,,1,,,2,,,1,1,1,2,2,1,,2,1,1,1,,,,,,1,2,3,2,,1,,,1,1,1,1,,2,3,,2,,1,,,1,,,1,,2,2,,2,1,1,1,1,,,1,1,3,,,1,,,2,1,1,,,,1,,,1,,,,,1,,,,,,,1,,1,1,,,,,,,,,1,,,,,,1,,,,1,,,,,,,,,1,1,2,1,,2,2,1,,1,,4,,1,,1,,2,,2,2,,1,2,,1,1,,1,1,2,1,,2,,,1,1,5,3,1,,2,,1,1,,2,3,1,3,1,2,2,2,1,,2,,1,,1,1,,,2,,1,1,,,3,2,1,2,,,3,2,,,,1,2,3,1,,,,,,1,,,1,1,,1,,,1,,,2,,,,1,1,,1,,2,,,2,2,1,1,,4,1,,,,2,2,1,1,2,1,,,,,1,1,,3,,,3,2,,2,,3,2,,,3,1,,6,5,2,2,1,2,2,3,5,5,4,8,5,9,5,6,8,11,17,11,11,11,9,7,10,21,15,11,4,10,12,12,10,7,5,10,7,10,7,2,4,7,5,3,4,4,2,2,3,4,2,3,5,,3,1,1,1,,1,,2,1,,1,,1,2,1,1,2,,2,3,1,1,2,1,,1,1,1,,,1,,1,2,,,1,,2,1,3,15,8,3,2,2,2,2,5,3,2,1,3,,,1,1,,4,1,2,1,,2,3,,2,1,2,1,3,2,3,1,2,2,3,4,3,1,1,4,1,3,4,5,1,3,2,1,4,8,3,6,3,1,1,3,6,6,2,2,5,2,1,8,5,6,4,3,6,2,4,2,1,4,3,2,4,6,6,3,2,,3,1,1,3,2,1,2,5,4,2,,2,2,3,,2,2,,,3,2,4,1,1,3,2,3,1,3,6,3,3,1,3,1,,3,,2,1,4,2,3,1,2,3,1,2,2,5,1,1,2,,1,5,,1,3,3,3,,2,1,1,3,3,2,,,4,3,4,,3,1,2,1,,3,,,1,3,1,4,2,,1,1,3,1,2,1,1,3,3,1,3,,2,1,3,1,1,1,1,5,1,1,,1,3,2,2,2,1,2,1,3,1,1,,,,1,1,2,1,2,2,,2,,,2,3,1,1,1,1,2,,1,2,,1,1,,,1,,,1,,3,1,2,1,,,,,3,,1,,1,,2,,2,2,,,1,2,1,2,1,2,,,2,1,3,1,1,1,,1,1,2,4,,1,1,,2,2,2,,3,,4,6,1,4,1,2,3,1,2,2,2,,2,1,4,,4,1,,2,2,,1,1,,1,1,3,,1,2,1,,2,2,2,,,1,1,1
MI,,,,,,,,,,,,,,,,,,,1,,,,,,,,1,,6,3,,3,1,2,2,2,2,4,4,2,1,,,1,3,2,3,2,,3,1,3,1,3,,3,1,,1,1,4,2,3,1,2,2,,1,,2,1,3,,1,3,1,1,1,1,3,1,1,,1,,,1,1,2,,,3,2,1,,,2,,1,2,1,,,1,1,1,,,,1,,,,1,,,,,1,,2,,1,,,2,,3,2,,,,3,2,3,,1,1,,,3,2,1,3,,2,5,1,1,2,1,3,3,,2,4,3,2,1,1,,1,2,1,,1,1,3,1,2,1,,,1,1,6,,3,,2,1,1,2,,1,,2,,2,2,,1,,,,1,,1,,3,,,1,3,2,2,1,,1,,1,,1,,,1,,1,1,1,1,,2,1,,1,1,,1,,1,,5,2,3,5,4,3,2,,1,2,1,1,1,,3,2,,1,2,,1,2,2,,1,1,4,2,1,2,1,3,1,1,,2,6,1,6,,7,4,7,3,7,4,6,4,6,11,9,1,2,4,1,4,1,3,3,5,4,1,2,5,2,2,3,2,3,4,6,3,4,3,,1,,,2,2,1,1,4,3,,1,,4,3,3,,,2,,3,,1,,5,4,,1,1,1,,,1,,1,1,,1,1,4,2,2,2,1,2,,,2,1,,,,,,,1,,1,1,,,,1,,1,,1,,,,,2,1,,1,,1,,2,1,,,,,1,2,2,1,,1,1,1,,2,1,3,,2,,,3,1,4,2,1,2,1,2,2,2,1,5,1,1,4,3,3,2,3,2,4,5,3,,4,1,,1,2,2,,1,4,,3,,,,1,4,1,,,,,,,1,,,,,,2,,,2,3,,,,1,,,,,,,1,,1,,1,,,,1,2,,,1,,,,,1,1,1,1,,,,,,,,,,,,,,2,1,,,1,,,,,1,,1,1,1,,,,1,,,1,,,3,,2,,3,,1,2,1,1,3,,1,1,,1,1,,1,1,1,2,,1,2,,1,1,1,,3,3,,,2,1,1,1,1,,,2,1,,1,1,,,,,1,,2,,,,,1,2,,,,,1,,1,1,,2,2,,1,,1,,2,1,1,,,3,1,1,1,4,1,2,1,2,,,4,1,2,,1,5,2,,,1,2,,2,3,2,2,5,,,3,4,1,4,3,3,3,2,3,2,,1,,2,3,4,2,3,2,3,1,3,3,1,1,1,2,4,3,3,1,4,5,2,4,5,3,5,6,9,10,3,7,11,12,9,7,7,6,7,9,7,9,11,11,8,4,3,13,7,7,9,2,7,5,7,3,6,5,4,3,3,2,5,2,2,2,3,3,1,5,1,3,2,2,1,2,4,4,,1,2,1,1,1,,3,1,,1,,1,1,,,1,,,2,,,,1,2,2,1,1,1,,4,1,,1,,,1,1,1,,,,2,1,,1,2,1,1,1,1,1,3,3,3,2,4,,4,1,3,1,1,1,1,,1,4,,1,1,,3,3,3,4,2,1,3,2,1,2,,,3,1,2,,2,3,4,3,2,3,1,3,,5,3,,3,3,2,,5,,1,3,1,2,,1,3,1,3,2,3,3,2,2,5,,2,1,4,1,3,2,2,4,5,,2,1,2,1,1,,2,3,2,1,,1,3,6,3,,2,3,4,6,2,,1,1,4,2,2,4,,1,1,1,5,2,4,3,,4,3,2,5,2,,4,4,3,1,3,3,1,1,1,2,3,,2,2,,,,2,2,2,1,2,2,2,2,3,,1,1,,2,,2,1,1,1,1,1,2,2,1,1,,,4,,,2,1,4,2,,,1,1,,,,,,1,,,2,1,,,3,,3,1,,3,1,,1,3,,,,,4,,1,,1,1,,,,2,,,1,1,1,,,1,1,,1,,1,,,,2,2,4,,1,1,2,4,2,1,1,,2,,2,,1,2,2,2,1,,3,2,2,2,2,,2,2,,1,1,2,1,,,1,2,1,1,1,1,3,,2,1,2,,1,1,,2,,,,1,1,1,1,1,,1,,,,1,1,,1,,1,,,,1,
MN,,,,,,1,,,,,,,,,,,,,,,,,1,,,1,,,2,,,2,1,1,1,4,1,2,,2,1,,,,,,2,,,1,2,,1,1,,,,1,,,1,,1,1,1,1,,2,,2,,,1,,1,,1,1,1,,,1,,,1,,,,3,,1,1,1,1,,,,1,3,,1,,1,,1,,,1,,,,1,1,,,,1,,1,1,1,,1,1,1,,,,,,2,1,1,,1,,1,,,,1,1,2,1,1,,,1,2,1,,2,,3,,4,1,1,,1,1,2,,1,,1,1,1,3,,,2,,2,,,,,1,,,1,2,,,,,1,1,,1,1,,1,,,,,3,,,,,2,,,,,,,,,1,,,1,,,,,1,,,,,,1,,1,1,,2,4,4,2,4,3,4,1,1,1,,2,,2,,2,3,,1,1,,1,,1,1,1,4,2,2,,1,2,1,1,2,2,3,3,2,2,1,4,2,4,6,3,2,1,3,3,2,3,1,3,,4,2,,,1,4,1,2,3,3,3,2,2,4,1,2,2,1,2,1,1,1,2,2,1,4,,1,,,1,,1,1,3,,1,2,,1,1,1,1,2,5,,1,,2,,1,,1,2,1,,1,,1,1,2,,1,,,2,2,,1,,2,1,1,,,,1,,1,1,,2,,,,,1,,,,1,,1,,,,,1,1,1,,2,,1,,1,,2,2,,,,,1,1,1,,,,,,1,2,,1,,1,,1,1,,2,2,,,1,,,1,,,,1,1,,,,1,,,,,1,2,1,1,,,,1,,,,,1,,1,,2,2,1,,1,1,1,,,,,,,,,,,1,,,,,,,,,,,,,1,,,,,,,,,1,,,,,1,,,,,,,,,,,,,,,1,2,,1,,,,,1,,,,2,,2,,1,1,,1,1,1,1,1,1,,1,1,2,,,,1,,,,,2,,4,2,,,,,1,,,1,,,,1,,,1,,,,1,,,1,1,2,2,,1,1,3,,2,,,1,,1,2,,1,,,2,2,1,1,,,1,4,,,1,,1,1,3,,1,,,3,1,2,1,1,,2,1,,,,2,,3,2,,,4,1,1,,,,,3,,1,1,1,2,2,3,2,2,,2,1,2,1,,,1,2,2,3,2,,1,2,4,1,3,,,2,,1,,4,2,2,1,3,4,3,6,5,2,2,2,5,4,8,9,3,4,10,6,9,6,5,7,8,2,8,8,5,3,3,3,2,5,4,3,4,3,4,,2,4,2,3,2,4,3,2,2,1,2,2,,,,1,4,8,1,1,,1,,,,1,1,1,2,,,,,,,1,,,1,,,1,,2,1,,,,2,3,,,,,1,2,1,,,1,,3,1,,1,2,1,,,,2,5,1,5,3,2,3,1,1,6,1,,,2,2,1,2,,,2,2,2,2,3,,1,2,4,1,4,2,8,1,4,3,2,5,1,3,2,2,5,2,1,1,4,1,5,,1,3,2,1,1,,4,2,3,3,,2,2,3,,1,1,1,1,1,1,,2,1,1,,,2,1,,,2,2,2,1,1,4,,1,3,3,,1,6,,3,1,2,,1,2,5,4,,1,,2,3,2,1,2,1,4,3,1,1,2,,1,4,1,1,,,,1,1,4,,3,1,,,1,,5,1,2,2,2,1,1,1,,1,,,,,1,1,1,,,2,1,,,,,1,,,1,,,,1,,2,,,1,1,,2,,3,2,,1,1,1,1,2,3,,,,1,1,,2,2,1,1,,,1,,1,1,5,1,1,1,,1,,,,1,1,1,,,1,2,,1,,,1,,,,,,,1,1,1,,1,2,,,2,1,1,,2,1,2,1,,3,5,2,2,,,2,1,,,1,1,1,,1,2,,,,1,2,2,,3,2,,,1,,1,1,1,,,1,2,,1,,1,1,,3,,1,,2,,1,,,1,,1,,2,,1,1,1,1,
MS,,,,,,,,,,,,,,,,,,,,,,,,,,,,,,,,,,,,,2,1,,,,,,,,,,,,,,,,,,,,,,,,,1,,,,,,,,1,,,,1,,1,,,,,,,,,,,,,,,,,,,,,1,,,,,,,,,,,,,,,,,,,,,,,,,,,,,,,,,,,,,,,,,,,,,,1,,,1,1,,,1,1,,,1,,1,,,,,,1,1,,,,1,,,,,,,,1,2,,,1,1,,,,1,,,,,1,1,,1,,,,,,,,,,,1,,,,,,,,,,,,,,1,,,,,,1,,,,,,,,,,,,,,,,,,,,,1,,,,,,1,,,,1,,,,1,,,1,,,,1,1,,,,,,,1,1,,,,1,,,1,,,1,,,,,,,,1,1,1,,,,,,,3,1,1,2,,,,,,,,,,,1,,,1,,1,,1,,1,1,1,,,,,,,1,1,,,,1,,1,,,,,,,,,1,1,,1,,,,1,,,,,,,,,,,,,,,,,,,,,,,1,,,,1,,,,,1,,,,,,,,,,,,,,,,,,,,,,,1,1,,,,,,,,,,,,,,,,,,,,,,,,,,,,,,,,,,,,,,,,,,,,,,,,,,,,,,,,,,,,,,1,,,,,,,,,,,,,,,,,,,,,,,,,,,,1,,,,,,,,,,,,,,,,,,1,1,,,,,,,,,,,,,,,,1,,1,,1,1,,1,1,,,1,,,1,1,,,,,1,,,,,1,,,,,,,,,,,,,,,,1,,,1,,,,1,,,,,,,,1,,,,1,,,,,,,,,,,,,,,,,,1,,,1,,,,,,,,1,,,,,1,,,1,,,,,,,,,,,,,,,,,,,1,1,,,,,1,,,,,,,,,,,,,,,,,,,1,,2,,,1,2,1,1,1,1,1,1,1,1,2,3,,1,,1,2,1,,1,,,,2,1,1,1,1,2,,1,,,,,,,,,,,,,,,1,,,,,,,,,,,,,,,,,,,,,,,,,,,,,,,,,,,,,,,,,,,,,,,,,,,,,,,,,,,,1,,,,,2,,1,,,,,,,,,,,,,,,,1,,,,,,,,,,,2,,,1,,,,1,,,,,,,,,,,,,,,,,,1,,,,,,,,,1,,,,,,1,,,,,,,,,2,,1,1,,,,,,1,,,,,,,,2,,1,,,,,,,,,,,,,,,1,,,,1,1,1,,,,1,,,,,,,,,1,1,,,,,,,1,,,,,,,,,,,,1,,,,,,,,,,,,,,,,,,1,,,,,,,,,,,,,,,,,,1,,,,,,,,,,,,,,,,,,,,,,,,,1,,,,,,,,,,,,1,,,,,1,,,,,,,,,,,,,,,,,,1,2,,,,,1,,1,1,1,,,,,,,,2,,,,1,,,,,,,,,,,,,,,1,,1,,1,,,,,,,
MO,,,,,,,,,,,,,,,,,,,,,,,,1,,1,,,1,,,1,2,,2,2,,1,1,1,,,,,,,,,,,,,1,,,1,1,,,,1,,,,,,,,1,,,,,2,,,,,,,,,,,,,,,,,,,,,1,,,,,,,,,,,1,2,,,,,,,,,,,,,,,,,,,2,,,1,,,1,,1,,,,,,,,,,,1,,,,,,,1,2,1,,1,,,,,,2,,,,1,1,1,,1,1,,,1,1,1,2,1,,,,,,1,,,,,,,,,,,,1,1,,1,,1,1,2,1,,,,,,,,,,2,,1,,,,1,1,,1,7,3,,,,,1,1,1,2,2,1,1,2,1,,1,,,,,,1,1,,,1,,1,,,,,,1,1,,2,1,3,,2,,2,1,,,1,,1,2,,,1,3,1,,1,3,5,1,,1,3,3,,1,1,,2,,,,,,2,1,,1,1,2,1,2,1,1,2,1,,,1,,1,2,1,,1,1,1,1,3,1,,,1,1,,1,1,1,,1,,,,,,1,2,,1,,2,,1,2,1,,1,1,1,1,,,,,,1,,,2,,,1,,,,,,,,,,,,,1,1,1,,1,1,,,,,,,,1,1,1,,,1,1,,1,1,,,,1,,1,,,,,2,,,,,,,,,,,2,1,1,1,,,,,,,1,,,,,,,,,,,,,,,,,,,,,,,,2,,,,,1,2,,,,,,,,,,,,,,,,,,,,,,,,,,,,,,,,,,,,1,,,,1,,,,,,,,,,,,,,1,,,,,,1,,,,,1,,,1,,1,,,1,,,,,,,1,1,,1,,,,4,1,,1,1,,1,,,,,,,1,4,1,1,,,,,,,,,1,,,1,,,2,,,,,1,,,,,,,,1,,,1,1,,,,2,,,,,,,,,,,,,1,,1,,,,,,,,,1,,1,,,,2,,,,1,,,,,,1,,1,,,,1,,,,,,,,,,,,,,1,,1,,,,,1,,1,,,,,,4,,,4,2,,1,2,4,4,1,,2,1,2,3,5,5,4,2,,3,4,1,4,1,2,1,,7,5,1,1,,,1,2,2,2,2,1,1,3,1,2,,1,1,1,1,1,1,,1,,,1,,1,,,,2,,,,,1,,,,1,,1,,,,,,,,,,1,,,2,,,,,,1,1,2,,1,,,,,1,,,1,,,,1,1,1,,,,1,,,,1,,,1,1,,2,,,,1,,1,,1,,,,,,,,2,1,1,1,2,,,,2,1,,1,1,,,,,,,,1,2,,1,,1,1,3,,,,,,1,2,1,1,1,2,,1,,,,,,1,,1,,1,2,3,1,4,2,3,2,2,1,,1,,,,,1,1,1,,,,1,,1,2,,3,,3,1,1,,,,1,2,1,,,1,1,,,,1,,,,1,,1,,,1,1,,,,,1,1,,,2,,,,,,1,,,,,1,1,,,,,,,,1,,1,,1,2,,,1,,1,,1,,,1,1,,,,,,,2,1,,,,,,,1,,1,,,,,1,,,,,,,1,,1,1,,,,,1,,,,,1,,1,,,,,,,,,,,1,,,,3,1,1,1,,,,,,,,2,,,,1,1,,,,,,,1,2,1,1,1,,,1,1,1,,,,,,,1,,,,,,,1,1,,,1,,,,1,,,,,1,,1,,
MT,,,,,,,,,,,,,,,,,,,,,,,,,,,,,1,,,,,1,,,1,,,1,1,,,,,,,,,,,,,,,,,,,1,,,,,,,,,1,,,,,,,,,,,,,,,,,,,,,,,,,,,,,,,,,,,,,,,,,,,,,,,,,,1,,,,,,,,,,,,,,,1,1,,,,,,1,,,,,,,,,,,,,,,1,,,,,,,,,,1,,,,,,,,1,,,,,,,,,,,,,,,,,,,,,,,,,,,,,,,,,,1,1,,,,,,,,,,,,,1,,,1,,,,,,,,,,,,1,,1,,,,,1,,,,,1,,,,,,1,,,,,,,,,,1,,,2,,1,2,1,2,,1,,1,1,,,1,,,,,,,,,,,,1,,1,,2,,1,,,1,,,,,,1,,,,,,,,,,,,,,,,,,,,,,,,,,,,,,1,,,,,,,,,,,,,1,,,,,,,,,,,1,1,,,1,,,,,,,,,,,,,,,,,,,,,,,,,,,1,,,,,,,,,,,,,1,,,,,,,,,,,,,1,,,,,,,,,,,1,,,,1,,,,,,,,,,,,,,,,,,,,,,2,,,,,,,,,,,,,,,,,,,,,,1,,,,,,,,,,,,,,,,,,,,,,1,,,,,,,,1,1,,,,,,,,,1,,,,,,,,,,,,,,,,,,,,,,,,,,,,,,,,,1,,,,,,,,,1,,,,,,,,,,,,1,,,,,,,,,1,,,,,1,,,,,,,,,,,,,,,1,,,,,1,,,,,,,,1,,,,,,,,,,,,,,,,,,,,,1,,,1,,,,,,,,,,,1,,,,,,,,,,,,,1,,,,,,,,,,,,,,,,,,1,,1,,,,,,1,,,1,,,,1,1,,,,,1,1,1,,1,,,1,,,1,,,,,,,,1,1,,,,,,,,,,,,,,,,,,,1,,,,,,,,,,,,,,,,,,,,,,,,,,,,,,,,,1,,,,,,,,,,,,,,,,,,,,,,,,,,,,,,,1,2,,,,,,,,,,,,1,,,,,,,,,,,,,,1,,1,,,,,,,,,,,1,,,,,,,,,,,,,,,,,,1,,,1,,,,,,,,,,,,,,,,1,,,,,1,,,,,1,,,,,,,,,,,,,,,,,,,,1,,,,,1,,,,,,,1,,,,1,,,,,1,,,,,,,,1,,,,,,,,,,,,,,,,,,,1,,1,1,,,1,,,,,1,,,,1,,,1,,,,,,,,,,,,,,,,,,,,,,,,,,,,,,,,,,,,,,,,,,,,,,,,,,,,,,,,,,,,,,,,1,,,,,,1,,,,,,,,,,,,,,,,,,,1,,,,,,,,,,,,,,,,,,,,,,,,
NE,,,,,,,,,,,,,,,,,,,,,,,,,,,,,,,1,,1,1,,1,1,,1,,,,,1,1,,,,,,,,,1,,,,,,,,,,,1,,,,,,,,,,,,,1,,,,,,,,,,,,,,,,,,,,,,,,,,1,,,,,,,,,,,1,,,,,,,,,,1,,,,,1,,,1,,1,,,,,,,,,,,,2,,,1,,1,,,,1,,1,,,,1,,,,1,1,,,2,,,,,,,,,,1,,,,,,,,,,,,,,,,,,,,,,,,2,,,,,1,,,1,,,1,1,,,,,,,,,2,1,2,1,,,,1,1,,,,,1,1,,,1,,1,,2,1,1,,1,,,,,,,,,,,,1,1,1,,,,2,1,,1,1,,2,1,,1,,1,2,1,2,,,,,,,1,1,2,,,2,1,,1,,,,,1,,,2,1,1,,,,1,,,,,,,1,1,,1,,1,,,1,,,,1,1,,,,,,1,,,,,,,,,,,,,,,1,,,,1,,,,1,,,,,,,,,,,1,,1,,,,,,,,,,1,,2,,,,,,1,,,,,,,,,,,,,,,,,,,,,,,,,,,,,,,,1,,,,,,,,,,,,,,,,1,,,,,,,,,,,,,,,,,,,,,,,1,,,,,,,,,,,,,,,,,,1,,,,,,,,,,1,,,,,,,,,,,,,,,,,,,,,,,,,,,,,,,,,,,,,,,,,,,,1,,1,,,,,,1,,,,,,,,1,,,1,1,,,,,,1,,,,,,,,1,,,,1,,,,,,,,,,1,,,,,,,,,1,1,,,,1,,,,,,,,,,,,1,,,,,,,,,,,,,,,1,,,,1,,,,1,,,,,,1,2,,,,,,,1,,,,1,,1,,,,,1,,,1,,,,,1,,,,,1,,,,,,,,,1,1,1,1,2,,1,,,2,1,,,1,1,2,2,5,1,1,1,2,4,3,3,1,,1,3,,1,1,,2,,2,1,,,,,,,2,,1,,,,,,1,,,1,,,,,,1,,,,1,,1,,,,,,,,,,,,,1,,,,,,,,,,,,,,,,,,,,,,,,,,,,,,,,,,,,,2,,,,2,1,,,,1,3,,,,,,,,,,,,1,1,,,,1,,1,,,,1,,,1,,1,1,1,,1,,1,,,,,,,,,1,,,,,,,3,1,1,,,,1,,,,1,,,,,1,,1,,,1,,,1,,,1,1,,1,1,1,,,,,,,1,,1,1,1,,1,1,,,3,,,,,1,2,,,,,,,,1,,,,,,,,,,,,,,,,1,,,,,,1,1,,,1,,,,,,,,,,1,,,,1,,1,1,,,,,,,,1,,,,,,,,,,,,,,,,,,,,,,,,,,1,,,1,,,,,1,,,,,,,,,,2,,,,1,1,,,,,1,,,,1,1,,1,,,,,,1,,,,1,1,,,,1,,,,,,,,,,,,,,,,,,,,,,,,,1,,,,,,,,,,,,,,,,,,,,,
NV,,,,,,,,,,,,,,,,,,,,,,,,,,4,,,3,3,1,2,3,5,3,5,1,1,,,,1,1,,,2,1,,1,2,1,1,,,,,,1,,,,,1,,,1,2,,,1,,,1,,,1,1,,,,,,1,,1,,,,,1,,,,,,,,,3,,1,,,,1,,,,,,1,,1,1,1,,,,,,,,1,1,,,,,,,1,,1,1,,1,2,2,3,3,1,1,3,,1,2,2,1,4,2,2,1,1,1,2,3,1,1,1,1,,2,,,1,3,,,2,3,2,1,,,,2,1,,1,1,,2,2,,,1,,1,1,1,,,,,,1,2,,1,1,1,,,,1,,,2,,1,,1,1,,,1,1,,,1,,,,,1,,1,,,4,,,4,3,,2,3,,,1,2,1,,1,1,2,1,2,1,,,1,1,,1,3,,,1,3,2,1,,2,,,1,1,3,,,1,1,1,2,6,4,2,1,5,2,8,2,5,5,,2,3,,1,2,3,2,6,1,3,4,3,1,2,3,3,2,2,2,1,2,,2,3,4,1,3,3,2,2,2,1,2,1,,1,4,3,,,5,2,1,1,,,1,2,2,1,2,2,2,2,,,1,1,2,2,,3,1,4,2,3,,2,3,,1,2,1,2,,,,,1,3,,,,,,,,,1,1,2,,,,,,,,1,1,,3,,,,,,,1,,1,,,,,,,,,,,,1,,,,1,,,1,,,,2,,,1,1,,1,,,,,,,,,,,,1,,1,,,,,,,2,,1,,,,,1,1,1,,,,,,,1,1,,,,,,1,,,,,,,,,,,,1,,,,,,,,,,,,,,,,,,,,,1,,,,,,1,,,,1,,1,1,,,1,,1,1,,,,,,,,1,,,1,1,1,1,2,1,2,,1,1,,1,,,,,1,,2,1,2,,,1,1,,1,,2,,,3,,,,,1,,,,1,1,1,1,2,,,1,3,,,,3,,1,1,1,1,,,,1,1,,1,2,,,1,,,1,,1,1,,,,,,,,,1,,,,,,1,3,,,2,1,1,,,,,,1,1,,,,,,,,,,,,1,,,,1,,,,,,,,2,1,,,,,4,,,,,,,,4,,3,2,3,3,4,3,5,6,2,6,4,2,7,13,5,3,9,7,8,3,5,4,4,4,2,3,4,7,3,3,1,1,4,,4,6,,3,3,3,2,2,2,1,2,1,,2,,,,,2,1,1,1,1,1,,,1,,,,,,,1,,,,,,,,1,,1,,,1,,,1,,,,,,,1,,2,,,1,,1,,,,1,,,,,,,,1,2,,,1,,,1,,1,1,,,,,,1,,1,1,,1,,1,,,,,,,1,1,,1,,,,2,,2,2,3,,,,1,,,,1,1,2,2,1,4,4,4,4,1,1,,2,2,1,2,3,1,,1,2,2,1,1,,,1,1,1,1,2,,2,1,1,1,2,1,3,,1,1,2,1,1,3,1,3,1,1,4,,,,1,2,1,,2,,1,3,1,3,1,,2,,,1,1,,1,,,,,3,1,,2,1,,,,,,,1,,,1,,,,,,,,,1,1,,,2,,,,1,1,,,,,1,,,,,,,,,,,,1,,,,,,1,,2,,,2,1,1,1,,,1,,,,1,,,,,,1,,,,,1,,,2,1,1,,,,,,1,1,,,,,1,,,1,,2,,,,,1,,,3,,1,1,,,,1,1,,,,,1,1,,,,1,,,,2,1,,,,,1,1,,,1,,,1,,2,,,,,,,1,,,,3,,1,,,1,,,1,1,,,,,1,,1,,,,
NH,,,,,,1,,,,,,,,,,,,,,,,,,,,,,1,1,,2,1,1,,1,1,,,,,1,1,,2,,,,,,1,,,,,,,1,,,1,1,,,1,2,,1,,,,,,,,,2,1,,,,,,,,,,,1,,,,,,,,,,1,,,,,,,,1,,,,,1,,,,1,,1,,,,,1,,,1,,,,,,1,1,,,,,,,,1,1,,1,,,,,1,,,,,,,1,1,,,,,,,,,,,2,1,,,,,,,,,,,,1,1,,,1,,,,,,1,1,,,,,,1,1,,,,,1,,,1,1,1,,,2,,,,1,,,1,,,,1,,,4,,1,,2,3,,2,4,1,1,1,1,,,,1,3,2,1,2,1,2,1,1,,,1,,1,2,1,1,,1,2,4,2,1,1,2,,1,2,1,,1,,1,1,2,2,1,1,2,3,,1,2,,,,1,,1,,1,1,2,,,,,2,,,,,1,,,1,1,,1,1,1,,,,,,3,,2,3,3,4,2,1,2,2,1,1,1,1,5,2,1,2,1,2,2,1,1,1,,2,2,1,2,3,,1,2,1,,,,1,1,,2,,,,1,,,1,,,2,,1,,2,1,,,,,,1,,,,1,,,,,,,,,,,1,,1,,,,,,,,1,,,,,1,,,2,,,,,,,,,,1,,1,,,,,1,,1,,,,,,,1,,,1,,,,,,,,,,,,,,1,,,,,,1,,,,,1,,,1,,,,,,1,,,2,,,,1,,1,1,,1,,,3,,1,2,,,2,,1,,,,,1,,3,2,1,,4,,2,1,,,,1,1,1,4,1,2,3,2,2,2,2,1,,,2,,2,1,,1,2,,,1,1,,1,,,,1,1,,1,1,1,1,1,,,1,2,,,,,1,1,,,,2,2,2,1,1,1,,,1,,1,1,1,1,1,,1,,1,2,1,,,,,,1,1,1,,,,,,,,,,,,,,1,,,,,1,,,,,,,1,1,1,,,2,1,1,,1,2,,,1,,,,1,1,,,1,,1,,1,1,,,,1,1,1,,,1,,,,1,1,,1,1,1,1,2,,,1,3,2,,3,2,4,3,6,2,4,9,2,6,3,2,3,5,3,5,2,2,7,1,4,1,1,3,2,2,3,2,,1,2,1,4,,,1,2,1,1,3,1,1,2,2,,1,3,,,2,3,2,,1,,,3,,,,,2,,,,,2,1,2,,,1,,2,1,,1,1,,,,1,1,4,2,1,1,,2,2,1,3,,1,1,3,4,1,3,2,4,,3,4,,,1,1,,4,1,,1,3,,,1,2,4,1,,1,1,1,3,,1,,1,,,4,,,,1,1,,,1,,,,,,,1,,2,,,,,,,1,,,2,1,,1,1,,,,2,,2,1,2,1,,,1,,1,1,,,2,1,,,1,,1,2,1,2,,,1,1,,1,2,1,1,1,1,4,3,2,2,2,2,1,,1,1,2,1,1,1,1,1,,,,1,1,,,,,1,,1,,,1,,,,1,,,,,1,,1,,,,1,1,,,,,,2,3,,,1,,1,1,,,1,,,,1,,,2,1,,,,,1,,,,2,,,1,,,1,,1,,,,,,,,,,,1,1,,1,,1,1,2,,1,,,,,,,1,,1,,,1,1,,,,,,,,,,,,,,,,,1,1,1,,1,,1,,,,,,1,,,,,,,,,,,,1,1,,1,,,,,1,,1,,1,,,1,1,,,,1,1,,,,,,,2,,,,1,,,,,2,1,,,1,,,,1,,,,1,1,,,,
NJ,,,,,,,,,,,,,,,,,,,,,,,,,,,,,3,,,1,,1,,,,,,,,,1,,,,,1,1,,,1,,,,,,3,1,,,,,,,4,,1,,,,,,,,,,,,1,,,,,1,,,,1,,,1,,,,,,,,,,1,,,,,1,1,,1,,,,1,,,1,,,,,,,1,,,,1,,1,1,1,,,,,1,,,,,,,,,1,,,,,,,,,1,,1,,,,,1,,,,,2,,,,,,,,,,,,,,,,,1,,,,,,,,,,,,,,,,,,,,,,,,,,,,,1,,,1,,,,,,1,,,,1,1,,,,,,1,,1,,,,1,,,,,,,,1,,,,,,,,,,,,,1,1,1,,,,,1,,1,,,1,,,1,1,,1,1,,2,3,1,1,,,,,1,,1,1,,1,,,1,2,1,,,1,1,3,2,,,,3,1,1,,1,,,2,2,,,,1,,,,,,,,,,1,,,,,,,1,1,,2,,,,1,,1,,,,,,,,,1,,,1,,,,,,,1,,,,,,1,,,1,,2,1,,2,,1,,1,,,,,,1,,,,,,,,,,,,1,,,,,1,,1,1,,1,1,,,,,,,1,,,,,,,2,,,,,,,,,,,,,,,,,,,,,,,,,,,,,,,,,,,,,,,,,,,,,1,,,,,,,,,,,,,,,,,,,,,,,,,,,,,,,,2,,,,,,1,,,,,,,,,,,,,2,,,1,,,,,,,,,,,,,,1,,,,,,1,,,,,,,1,,,1,,,,,,,,,,,,,,1,,,,1,,,,,1,,,,,,,,,,1,,,,,,,,,,,,,,1,,2,,,,,,,,,,,,,,,,,,,,,,1,,1,1,,,,,1,,1,,,,,,,,,,,,,,,,1,,,,,,,,,,2,,,1,,,,,1,1,1,1,3,1,1,1,2,4,,2,3,2,4,5,2,5,,,2,2,3,1,4,3,,2,2,4,1,,1,,1,,,,2,1,1,,,,1,,,,,,,,1,,,,,,,,,1,,,,,,1,1,,,1,,,2,,,,2,,,,,,,,,1,,,,,2,1,,,,,,1,,,1,1,,1,1,,,,,,,,,,,,,1,,,1,,,,1,,,1,,1,1,,,,,,,,,1,1,1,1,,,,1,,,1,,,,1,1,1,,,1,,1,,,,1,,,2,,3,,1,1,2,,,,1,,,1,1,1,1,,,,,1,,,1,2,,1,,2,,1,,,,2,1,,,1,,,2,,,,,,,,1,,,,2,,,,,,,,1,,,,,,1,,,1,,,,,,,,,,,,,,,,1,,,,,,,,1,,1,1,,,,,1,,,,,,,,,,,,1,,,1,,,,1,,,,,,,,,,1,,,,,1,,,,,,,,,1,1,,,,,,1,,,,,,,1,1,,1,,,,,,,,,,1,,1,1,,,1,,,,,,,,,,2,,,1,,,,,,,,1,,1,,1,,,,,,,,,,,,,1,,,,,,1,,,,,1,,,,,,1,,,,,,,1,,,1,,1,,1,
NM,,,1,,,,,,,,,,,,,,,,,,,,,,,,,,,,1,1,,,,,,,,,,,1,,,,,,,1,,,,,,1,,,,,1,,,,1,,,,,,,,,,,,,,,,1,,,,,,,,,,1,,,,,,,,,,,,,,,,,,,,,,,,,,,,,,,,,,,,,,,,,,1,,,,,,,,,,,,,1,,,,,,,1,1,,,,,,,,,1,1,,1,,,,,,,1,,,,,,,,,,,1,,,,,,,,,,,,,,,,,,,2,,,,,,,2,,,,,,,,1,1,,,,,,,,,,,,,,2,1,,,,,1,,,,1,1,,,1,,,,1,,,,,,,1,,,1,,,,,1,4,,,,,,,1,,,1,,,,,1,1,,,,,2,,,1,1,1,,1,2,,,5,,2,,,,,1,,,1,3,,,,1,1,,,,,,,1,,,,1,,,3,,,,,,1,,,1,,1,,,,1,,,,,,,,,,1,1,,1,1,,,,,,,,1,,,,,,,,,,,,,,,,,,1,,,,,,,,,,1,1,1,,,,,,,,,,,,,,,,,1,,,,,,1,,,,,,,,1,,,,,,,,,,,,,,,,,,,,,,,,,,,,,1,,1,,,,,,,,,,,,,,,,,,,,,,,,,1,,,,,,,,,,,,,,,,,,,,,,1,,,,,,,,,,,,,,,,,,,,,,,,,,,,,,,,,,,,,,,,,,,,,,,1,,1,,,,,,,1,,1,,,,,,,,,,,1,2,,,,,1,,,,,,,,,,,,,,1,,1,,1,,,,,,,,,,,,,,,,,,,,,,,,,1,,,,,,,,,,,,,,,,1,,,2,,,,,,,,,2,1,,,,1,,,,,,1,,1,,,,,,,,,1,,1,,1,,1,2,1,,2,,1,1,1,1,,,,,2,,,,,1,,3,,3,1,2,,,,,2,1,,,,1,1,,,,,,1,,,,,,,,1,1,,,,,1,,,,,,,,,,,,,,,,,,,,,,,,,1,1,,,,,,,,,,,,1,,,,,,,,,,,,,,,,,,,,,,,,,,,,,1,,1,,,,,1,,,1,,,,,,1,,,,,,2,,1,,,1,,1,1,,,2,1,,1,,1,,,,,1,1,1,1,,1,1,,,1,1,,,1,,1,,,,,1,,,,2,,,,1,1,,,,,1,,,1,1,1,,1,,,,,,,,,,,,,1,,,1,,,,,2,,,,,1,,,,,,,1,,,,,,,,,,,,,,1,,,,,,,,,,,,,,,,,,,,,,,,,,,,,1,,1,,,,,,,,2,,1,,,,,,,1,,,,,,,,,,,,,1,1,,,,,,1,,,,,,,,,1,,,,,,1,,,,,,,,2,,,1,,1,,,,,,,1,,,,,,,,,,,,1,,,,,,,,,3,,,,,,,,,,,,,,,,,,,,,1,,,,,,1,,,,,
NY,,,,,,,,,1,,,,2,,2,,1,,1,,,2,,4,3,2,2,1,11,7,5,2,4,9,9,6,10,13,10,5,2,2,7,8,4,5,4,4,4,10,4,5,9,6,5,6,3,3,6,3,2,,1,8,6,2,1,2,1,1,4,4,3,,2,,1,,3,2,1,3,3,1,4,5,4,1,8,7,4,1,2,5,1,1,3,4,7,4,4,3,4,3,2,3,3,1,,1,2,1,3,,,,2,3,3,1,2,3,2,,2,3,2,4,2,,,4,2,3,4,,4,1,1,1,2,1,7,2,3,3,3,,3,2,1,2,4,,4,2,2,,3,4,3,2,3,,3,4,,1,4,2,3,2,,1,2,5,6,1,2,1,,4,,2,6,2,1,1,,1,2,1,2,,,1,,1,1,2,1,,1,2,,1,1,1,2,1,1,2,1,4,1,3,1,1,1,2,1,,3,3,2,1,1,3,,2,1,,27,12,5,7,9,2,5,1,2,3,6,1,8,2,2,1,1,1,1,,3,,3,1,1,2,3,5,2,3,1,1,,,2,2,5,2,4,6,3,4,5,7,5,3,2,7,2,20,21,5,4,,6,5,,2,6,6,2,9,3,4,3,4,6,4,12,4,7,3,5,1,2,5,4,6,6,4,4,5,5,3,2,2,2,6,6,4,8,2,2,4,,5,5,9,5,8,3,5,1,8,5,8,5,2,3,5,4,3,4,3,6,2,3,8,5,2,2,3,1,2,2,4,6,3,6,4,3,3,1,2,1,,2,,4,3,2,,3,1,3,3,1,1,1,2,1,2,1,,1,3,3,,3,1,5,7,4,1,7,2,4,4,5,5,4,2,,1,1,3,,4,6,,6,3,1,1,1,1,4,1,,3,,1,3,1,3,,,1,1,,7,1,3,,,1,,,3,1,,1,1,,,,,4,,,1,1,2,1,,,,,1,1,,1,,2,,,1,,,1,1,,,,,1,,,,,,,,,,,,3,,,1,,,,,,1,2,,1,,3,1,,,,,,1,2,2,4,1,1,,1,3,1,1,2,1,2,2,2,2,,2,,2,,2,5,2,2,5,3,1,2,2,1,4,4,2,1,4,1,1,2,1,4,7,3,3,3,2,1,,2,5,,2,,3,1,1,1,,3,,2,,5,2,,3,1,1,,4,3,4,3,3,2,1,2,3,1,1,2,2,1,1,2,2,,1,2,4,2,1,1,,,3,,2,3,2,3,1,1,,2,1,3,1,1,1,,2,,,,1,3,4,2,2,1,1,,1,2,3,3,2,1,,2,,1,3,1,2,,1,4,3,2,,2,1,3,1,2,3,5,1,2,1,3,3,4,2,7,1,1,4,12,11,15,11,11,20,19,38,21,23,25,13,16,22,32,27,22,20,16,22,19,29,17,23,15,19,15,17,14,17,12,3,5,9,9,8,9,8,3,8,3,10,4,7,2,1,,3,4,4,,3,1,1,2,,3,4,1,4,2,4,,,,1,,1,1,,2,1,,3,1,,,3,3,,1,1,2,,3,1,2,,4,3,1,1,3,1,5,,9,5,5,2,5,2,2,5,4,4,5,4,2,4,4,4,5,6,6,5,3,5,1,7,7,4,,,5,5,4,5,3,3,6,6,4,2,7,2,2,2,3,6,5,5,10,6,2,9,5,7,10,12,7,5,9,3,6,3,7,5,5,3,4,3,6,3,1,4,2,9,5,10,2,1,1,3,5,3,6,2,5,4,6,4,6,4,2,4,2,3,7,4,1,5,1,3,5,7,4,3,6,2,2,2,5,6,5,5,1,3,5,4,2,5,3,6,2,5,10,9,8,6,6,4,5,5,3,4,5,6,3,1,7,1,1,6,1,3,1,1,5,5,3,2,2,5,5,8,4,3,2,2,1,6,2,3,3,2,2,5,3,1,2,,1,2,2,6,4,4,2,2,2,1,2,3,4,1,2,,6,6,3,5,2,3,3,2,6,3,1,1,2,1,2,1,1,,2,3,,5,3,2,2,1,1,2,4,1,2,3,3,2,1,3,2,3,1,3,2,1,1,1,4,2,,1,2,,1,1,2,,1,1,1,3,1,1,3,2,2,,1,2,3,1,1,2,3,6,4,1,3,2,1,2,3,1,4,5,5,,2,4,1,,2,1,5,3,2,2,2,2,4,3,3,3,3,2,1,5,3,5,6,4,4,7,3,1,5,4,7,3,1,4,1,3,4,4,4,1,3,1,2,5,,1,,1,3,2,,3,5,2,1,
NC,,,,,,,,,,,,1,,,,,,,,,,,,,,,,,4,1,2,1,5,1,,1,,1,,,,1,,,1,1,1,,1,,1,,,,,1,1,,,1,,,,2,2,,1,,,1,1,1,,1,1,,,,,,1,1,1,,,,,1,,,,,1,,1,,,,1,1,,1,,,,2,,,,,1,,,,,1,,,1,1,,1,,1,,1,,,1,1,,2,1,,1,,1,2,1,1,3,,4,3,1,4,1,2,2,3,3,1,1,1,2,1,10,9,,3,3,1,2,2,1,2,1,,1,4,,,,1,,2,2,,,1,,,1,1,,,1,1,1,,1,1,,,1,2,,1,,,2,,,2,,1,,,2,,,,3,,1,,,2,,1,,2,,,,,,,,,,,4,2,,,1,2,4,1,,,3,1,,,1,,,1,1,1,2,1,1,1,3,2,,,2,,1,,,2,,,,1,1,3,,1,2,,,1,1,2,5,4,2,,1,,1,,,,1,1,2,,3,3,2,,2,1,1,,2,2,1,1,1,4,2,4,1,2,3,5,1,2,8,,,1,1,2,3,,2,1,1,2,3,2,,1,2,2,2,2,4,1,,,,2,2,,1,,,1,1,1,2,,4,2,,1,,2,,,3,,1,1,,,,1,1,2,2,,,,,,1,,,,,,,,2,,1,,,1,,,,,1,,,,1,3,1,,,,,2,1,,,,,1,,,1,,1,,2,1,3,,2,,,,,,,,,,,,1,1,,1,1,,,,,,,,,,,,,,,,,,,,,,,1,,,2,,,,,,1,1,,,1,,,,1,1,,,,,,,,1,,,1,,,,,1,,,,,1,,2,,,,,,,,,,1,,1,,3,,,2,1,1,,1,1,,,,,,,,1,3,1,,1,1,2,1,,3,4,,,,,1,1,,1,2,1,,3,3,,2,2,2,2,,,,3,,1,,2,1,,1,2,1,,1,,,1,,,1,1,,,,2,1,1,1,,1,,,,,,,,,,,,1,,,,,,,,,,1,,,,,,,,1,,,,,1,,,1,1,,,1,,1,,,,,,1,,,1,,,,,,1,1,,1,2,,,1,,,1,,1,,1,1,,1,1,,,,,1,1,1,3,1,3,6,3,1,2,5,8,10,11,4,3,4,2,9,5,7,3,11,2,7,3,5,3,9,3,2,5,3,3,2,4,2,2,3,5,6,1,1,2,,3,,3,,,,1,1,1,,,,1,1,,,1,,1,,,,1,1,,1,,1,,,1,2,1,,,,,1,,1,1,2,,,,,,,1,2,1,1,,,,,1,1,1,,,1,,,,,,1,,,1,2,1,1,,,,2,2,,1,1,,1,,1,1,3,,1,3,2,1,1,,1,3,1,,1,,3,1,,,2,3,2,3,5,,2,2,5,3,1,,2,2,,4,1,1,3,,,3,1,1,1,,4,,1,,3,2,1,2,1,3,,,2,2,,2,2,1,6,3,2,2,2,,1,2,2,3,,,,3,2,,2,,1,3,3,2,3,1,1,1,4,6,5,,1,2,3,1,1,2,2,,1,1,3,2,3,3,3,2,,2,5,,3,1,,2,,,1,,,1,,,2,,2,,,,,,,,1,1,,,,,,1,,,,,2,,1,,,3,1,,1,4,1,1,,1,,1,1,1,,,,,,1,,1,1,,,,1,1,,,,,,,,1,,,,,,,,,1,,,,1,,,,1,1,1,,,1,1,,1,,1,1,,,,,,2,,4,,,1,2,,3,,1,,1,,2,,1,1,,1,,1,1,1,3,1,1,3,3,,2,2,2,,,,,,,1,1,1,,,,1,2,1,,1,,1,1,1,,,1,,3,2,,,,,
ND,,,,,,,,,,,,,,,,,,,,,,,,,,,,,,,,,,,,1,,,,,,,,,,,,,,,,,,,,,,,,,,,,,,,,,1,,,,,,,,,,,,,,,,,,,,,,,,,,,,,,,,,,,,,,,,,,,,,,,,,,,,,,,,,,,,,,,,,,,,,,,,,,,,,,,,,,1,,,,,,,,,,,,1,,,,,,,,,,,,,1,,,,,,,,,,,,,,,,,,,,,,,,,,,,,,,,,,,,1,,,,,,,,,,,,,,,,,,,,,,,,,1,,,,,,,,1,,,,,,,1,,,,,,,1,,,,,1,,,,,,,1,1,,,,,,,,,1,,1,1,,,,1,,,,,,1,,,,,,,1,,,,,,,,1,,,,,,,,,,,,,,,1,,,,,,,,,,,1,,,,,,,,,1,,,,,,,,,,,,,,,,,,,,,,,,,,,,,,,1,,,,,,,,,,,1,,,,,,,,,,,,,,,,1,,,,,,,,,,,,,1,,,1,,,,,,,,,,,,,,,,,,,,,,,,,,,,,,,,,,,,,,,,,,,,,,,,,,,,,,,,,,,,,,,,,,,,,,,,,,,,,,,,,,,,,,,,,,,,,,,,,,,,,,,,,,,,,,,,,,,,,,,,,,,,,,,,,,,,,,,,,,,,,,,,,,1,,,,,,,,,,,,,,,,,,,,,,1,,,,,,,,,,,,,,,,,,,,,,,,,,,,,,,,,,,,,,,,,,,,,1,1,,,,,,,,,,,,,,,,,,,,,,,,,,,,,,,,,,,,,,,,,,,,1,,1,,,,,,,,1,1,,1,,,,2,,,,1,,,,1,,,,1,1,,,,,,,,1,,,,,,,,,,,,,,,,,1,,,,,,,,,,1,,,,,,,,,,,,,,,,,,,,,,,,,,,,,,,,,,,,,,,,,,,,,,,,,,,,,,,,,,,,,,,,,,,,,,,,,,,,,,,,,,,,,,,,,,,,,,,,,,,,,,,,,,,,,,,,,,,,,,,,,,,,,,,,,,,,,,,,,,,,,,,,,,,,,,,,,1,,,,,,1,,,,1,,,,,,,,,,,,,,,,,,,,,,,,,,,,,,,,,,,,,,,,,,1,,,,,,,,,,,,,,,,,,,,,,,,,,,,,,,,,,,,,,,,,,,,,,,,,,,,,,,1,,,,,,,,,,,,,,,,,,,,,,,,,,,,,,,,,,,,,,,,,,,,1,,,,,,,,,,,,,,,,,,1,,,1,,,1,,,,,,,2,,,,,,,,,,,,,
OH,,,,,,,,,,,,,,,,1,,,,,,,,,1,,,,2,1,,2,2,1,,,,2,1,,2,,,1,,2,1,2,1,1,,2,,2,2,,1,,1,,1,,1,2,3,,,,4,1,1,1,,2,1,1,,,,,,,2,1,1,,,,,1,,,1,1,,3,,,,,,,1,1,,,1,1,,2,,,,,,,,,2,,1,,,1,,1,1,,,2,2,2,1,1,2,1,1,2,,3,2,3,5,4,1,1,2,1,1,2,1,3,5,1,2,,2,,3,1,1,1,1,1,,1,2,3,1,1,2,,2,1,3,1,5,,,1,,1,3,,,2,,2,2,1,1,,,1,,2,,3,,,1,,,1,1,1,,,,1,2,,1,,,1,,1,2,1,1,2,2,,1,2,1,,,1,1,1,6,3,,7,2,1,1,1,3,1,2,2,1,5,,,,2,1,3,1,1,,1,1,3,,5,5,2,2,2,2,1,2,2,1,6,1,3,4,6,4,4,7,1,4,3,2,6,8,2,4,2,5,7,2,2,2,2,2,6,2,5,7,4,3,3,6,3,2,1,2,1,3,2,3,3,4,,4,5,4,8,,,4,3,4,6,9,7,8,3,4,5,,2,3,3,3,7,6,1,3,5,3,3,1,3,5,1,,4,1,,,1,2,5,1,4,,,2,2,4,,,2,,3,,1,,,,,1,1,,,1,1,4,,,2,2,1,,1,1,1,1,,,,,1,,1,,,,1,1,,,1,,,,,2,,1,,,3,1,2,1,2,,1,1,2,1,1,1,1,2,,,,1,1,2,1,3,2,,,1,,2,,1,,,1,,1,,,1,3,,,1,1,,1,1,,,,,,,2,,,,,,1,,,,,2,,1,1,,,,,,,,,,,1,,,,,,1,,,,1,,,1,1,1,,,,,2,1,,,,2,,,,1,,1,1,1,2,1,1,,1,1,1,1,,,,1,1,1,,,1,,1,,,,,2,1,,1,,1,2,3,,,3,1,1,1,1,1,3,1,5,2,3,2,3,2,2,2,1,1,2,,2,1,1,1,3,1,3,2,,2,2,2,,1,1,1,1,,1,3,,,1,1,1,4,,1,2,,1,,2,1,2,1,2,2,,1,1,3,,2,,,1,4,,1,2,1,2,,3,1,,,1,2,4,1,6,1,1,4,,2,3,3,2,,,1,2,3,,1,1,2,1,2,4,2,1,1,3,2,,3,4,3,3,,3,6,4,7,9,4,5,5,14,13,8,7,13,4,9,14,16,14,12,10,14,17,13,18,7,9,10,6,6,9,9,5,7,9,3,6,10,3,4,6,1,6,4,6,3,3,5,5,4,4,6,2,2,1,5,,1,4,2,1,1,,1,,1,1,2,1,3,2,,,,,1,1,,1,1,,1,,,,,1,3,2,,,2,2,1,4,,,,2,2,,1,1,1,,,1,3,3,5,,1,2,1,3,,,1,,,5,,2,2,3,2,2,3,,2,1,3,2,,,1,5,3,2,2,1,,1,1,3,1,1,1,1,1,2,4,4,3,1,1,2,2,2,,,,2,1,1,4,5,3,1,4,3,1,1,1,1,,3,3,2,4,2,3,2,1,2,1,5,3,3,1,2,2,2,,3,,2,4,1,1,6,1,,1,4,1,1,3,2,1,4,2,5,2,1,1,3,3,2,1,,8,3,2,1,1,3,2,5,1,2,4,5,4,4,2,3,,3,1,2,2,5,2,1,1,1,1,1,1,5,,1,3,2,,2,,,,2,3,1,2,3,2,2,3,1,,2,2,2,,,,2,1,6,2,1,2,3,2,,1,2,1,2,1,3,1,,1,1,2,,1,,,1,1,,2,2,1,2,1,1,1,,2,,2,2,2,,1,1,,1,1,1,,2,1,,2,1,,2,1,1,,,1,1,2,1,1,2,1,,,2,1,2,1,1,1,3,3,2,3,1,1,2,,1,1,2,,,,1,,1,1,,,2,1,,,,3,2,1,2,,3,1,1,,1,,,2,1,1,2,,,,,,3,,,,2,,,2,,,,1,,1,2,,,,,1,1,,,2,1
OK,,,,,,,,,,,,,,,,,,,,,,,,,,,,1,,,,,2,1,1,3,2,,,,,1,1,,,,1,,1,,,,4,,,,,,1,,,,,1,,,,,,,,,,,,1,1,,,,,2,2,,,,,,,,,,1,,,,,,,,1,,,,,,1,,,,,1,1,,,,1,2,,,,,,,,,3,,1,,,,1,1,2,1,,,1,1,,1,4,1,,3,2,2,1,1,,5,,4,2,,1,1,2,2,4,,,,1,1,,,1,1,1,1,1,,1,1,1,1,,1,,,2,,,1,2,1,,3,,3,,1,,,,,,1,,,,,,,1,1,1,,,,,,2,,,1,,,,,1,,,,1,,,,,,5,3,2,1,2,3,,1,,1,1,,2,1,,,,,2,2,,2,1,,1,2,,,,,2,,1,3,5,1,,2,,,3,,7,2,1,4,2,2,2,4,2,,1,1,1,2,1,1,1,1,,1,3,1,4,,1,2,2,,2,,1,2,,2,3,3,3,2,1,2,2,3,1,,,,2,4,1,1,,1,4,2,1,4,1,2,1,1,1,1,,,1,,,2,1,,,1,,,2,1,1,2,,,,,1,1,,,,1,1,,,,,,,,,1,1,,,,1,,,,,,,1,,,1,,,,,,2,,,,1,1,,,2,1,,,1,,1,1,,,,,,,,,,,,,,1,1,,,,,,,,,,2,1,,,,,,,,,,,,,,,,1,,,,,,,,,1,,1,,,,,,,,,,,,,,1,,,,,,,,,,,,1,,,,,,,,,,1,1,,,,,,1,,1,,,,,1,,,,,,,,,,,1,1,,1,,,,1,1,1,,2,2,,1,,2,1,,2,1,1,,2,,2,,1,1,2,3,2,1,1,2,1,1,1,,1,,1,,,1,3,,2,1,,2,,,2,,,,,,1,,,,1,,,,2,1,1,1,,,,,,,1,1,,,1,1,,,1,,,,,,,1,,,,,,1,,1,1,,,,,,1,1,,,,,,2,,,,2,,1,,,,1,1,,,1,,,2,2,,,,,1,2,1,,1,,,1,,1,,,,,1,1,1,2,2,1,1,1,3,1,2,1,2,,2,3,1,1,2,3,6,5,8,4,3,5,8,6,5,,3,3,1,6,3,3,3,5,2,3,1,4,1,4,1,1,1,1,1,1,1,,,1,1,,1,1,1,1,1,1,,,,,,,,,,,,,,1,,,,,,,,,,,,,1,,,1,,,,,,,,1,,,,,1,,,,,,,1,,,,,,,,,,,,,,,,,,,1,,,,,,1,,,,,1,,,,1,,1,,,,,,1,,,,1,1,,1,1,1,,1,,1,1,,1,,1,,,1,1,,1,,2,1,4,1,1,,,,3,,1,2,,,,1,,3,,1,,,,1,2,1,1,,2,3,3,3,1,1,1,2,1,,1,1,,2,2,,,4,,1,2,,,1,,1,1,1,4,,,,,2,1,2,3,2,1,,1,,1,,1,,1,,1,,,1,,,,,1,1,,,,1,1,,,,,,1,,,1,,,,,,1,1,,,,,,,,,,,,,,,,,1,,,,,,,,,,,,,1,,,,,1,,1,,,,,,1,,1,,,1,,,,,,,,,,,1,,1,1,,,,1,,,1,1,,,,1,,1,,,,,1,,,,,1,,1,1,1,,1,,,,2,1,1,3,,1,1,1,1,1,1,,2,1,,,,1,,,,,,,,,,,1,,3,,,,,
OR,,,,,,,,,,,,,,,,,,,1,,,,,,,,,,1,,2,,2,,1,1,1,,1,,,,,1,1,,,2,1,1,1,,1,,,,,,,,,1,,1,,1,,,2,,1,,,,,,,,,,,,,,,,,,,,,,,,,,,,,,,,,1,,,,,,,,,,,,,,,,,,,,,,1,1,1,,1,,,,3,,1,,1,,1,,,,,1,,1,,,,1,,1,2,,,,,,,,,,,1,1,,,,1,,1,1,,1,,,,,,,,,,1,,,2,,,1,,,,,,,,,,1,,,1,,,,,,,,,1,,,,,,,,2,,,,,,,,,,1,,1,1,,,2,,,4,1,,,1,,1,,2,,,,,,,,,,,,1,,1,,,,,,,1,2,,,,2,,,,1,1,,,,,,1,1,,1,1,,,1,2,,,1,,,1,,1,,,3,,,,2,,,2,,1,,,1,,1,,,,,1,1,1,,,1,,,,,2,1,,,,,,1,,1,1,,,1,1,,,1,1,,1,1,,,,,,,,,1,,,,,,,,,1,1,,,,,,,,,,,1,,,,,,,,,,,,,3,,,1,,,,1,1,1,,,,,,1,,,,,,,,,,,1,,,,,,1,,,,,1,,,,,,,,,,,,,,,,,,,,,,,3,,1,,1,1,,,1,,,,,,,,,,,,,,,,,,,,,,1,,1,,,,1,,,,,,,,,,,,,,,,,,,,,,,,,,,,,,1,,,,1,2,,,2,,,,,,1,1,2,1,1,,,1,,,3,2,,,1,,,,,,1,,,,2,,,2,,2,,,,1,1,,1,1,,,1,,,,1,1,1,,2,,,,,1,,,,1,1,1,,,,,,1,,,,,,,,1,1,,,,,1,,,,,,1,,,2,,,,,,,1,1,,,,,,,,,,1,,1,,,,,,,,,1,,2,,,,1,,,1,1,,,,1,,,,,,,1,,,,1,,1,,1,,2,2,2,4,1,,4,3,3,1,2,1,,2,2,3,2,6,2,3,,3,5,1,7,2,3,3,2,1,1,,1,,,,,,2,2,3,2,1,3,1,1,,,1,,,,,1,,1,,2,,,,,,,,,,,,,1,,1,1,1,,,,1,,,1,,,1,,,,1,,,1,,,,1,,,,,1,,,,3,,1,1,,,,,1,,,1,,,2,3,,,1,1,,1,,1,,,,,,3,,,,1,1,,,,,,1,2,,1,,,2,,1,,,1,,1,1,,,3,1,2,,2,1,3,1,,1,,1,,1,2,2,,1,,3,,,1,1,,,,1,1,2,2,1,1,1,,,,2,1,,,1,,1,,,1,,1,2,,2,1,1,1,,,2,,1,,,,,,,1,2,,,,,,,1,,,,,1,,,,,2,,1,,,,,,,,,,,,,,,,,,,,1,,1,,1,,,1,,,,1,,,,1,,,,,,1,,1,,,,,1,,,,1,,1,,,,,,,1,,,,,,2,,,,,,1,1,1,,1,,,,,,1,2,,,,,,1,1,1,,1,,,,,2,,,,,,,,,1,,,,,,,2,,,1,1,1,,1,,,,1,,,,,,,,,1,1,,,,,,,,,,,,2,1,,1,,,,,,
PA,,,,,,,,,,,,,,,,,,,,,,,,3,1,,,,1,,3,1,1,,4,3,3,3,3,,,1,1,1,1,1,2,2,2,2,2,1,2,1,1,4,7,1,,,,3,3,3,2,1,3,1,,2,1,,1,1,,,1,,5,,,4,2,,1,3,,1,2,,2,1,,,3,,1,,,,1,1,1,1,1,1,1,,,,1,,1,3,,,,,,,,,,,,1,,,2,,,,,2,1,2,2,,,3,3,1,8,,3,3,1,3,,1,2,3,1,2,1,,,2,1,2,1,2,,2,2,2,1,1,5,,2,1,2,1,1,1,1,,,,1,,1,,1,1,,2,,1,1,1,,1,,1,,,,,2,3,2,3,1,1,,,,,2,1,,,,,1,,1,,1,,1,3,1,,,1,,,2,3,4,2,1,4,3,3,,3,,1,,1,2,3,1,,1,,1,1,4,,2,3,,1,1,1,1,1,1,3,3,,4,2,1,,,,2,1,2,2,2,5,3,5,6,10,7,6,4,,7,3,3,3,5,3,4,3,5,2,2,5,6,3,9,6,1,1,3,4,6,3,6,6,4,3,3,2,2,3,5,5,,1,2,3,5,3,3,3,3,3,7,4,1,5,5,3,2,2,,1,2,,,3,2,,4,4,4,2,,1,1,,1,2,3,,1,,3,,1,,1,2,1,3,1,,1,1,1,1,3,1,,,2,1,3,1,1,1,1,1,1,,1,,,,1,1,,1,1,1,3,1,1,,1,1,2,3,2,,1,1,2,,,1,1,2,2,2,1,1,2,2,1,1,1,1,1,3,,1,,1,1,1,1,1,1,1,,,,,1,2,,1,,1,,1,,,1,2,,1,2,,1,,,,,,1,1,,,,1,2,,,2,1,,,1,,,1,,,,,,,,,1,,,2,,,,,,,1,1,1,,2,,,,1,,,,,,,,1,2,,2,,1,3,,1,1,,,2,,,1,1,,2,1,2,,1,,2,,,2,3,1,1,1,,1,1,1,,1,5,2,1,1,1,1,1,2,2,2,2,1,2,2,2,,,1,,1,1,1,4,,3,,1,,1,3,2,2,2,1,,,1,1,,,2,3,,3,2,1,1,,3,1,,2,1,1,4,1,,1,,1,3,,,1,1,2,1,1,3,2,3,2,,1,,,1,1,4,3,3,1,,1,1,2,,2,,,,1,3,1,,,1,,3,2,1,2,3,2,3,2,1,4,2,1,,,8,4,1,1,1,2,2,2,6,7,4,1,2,7,8,4,8,14,10,8,7,15,18,21,13,11,10,19,14,17,8,6,11,8,10,5,10,7,6,5,7,2,6,8,5,4,4,4,12,2,3,2,4,1,2,1,1,3,1,4,4,3,2,,1,2,3,,1,2,1,2,2,2,,1,1,1,1,1,1,1,1,1,,2,1,,2,,,2,,,1,1,,3,1,2,,3,1,1,2,2,2,4,,1,1,1,,1,2,,,3,2,,6,2,1,1,1,1,2,,3,2,2,1,2,3,4,2,3,1,3,,1,8,1,1,,1,2,1,3,4,4,2,4,8,5,8,1,1,4,2,3,3,5,8,1,3,3,7,6,1,3,2,4,4,4,5,4,4,3,2,2,2,9,4,4,2,1,2,2,3,3,1,2,3,4,1,4,2,2,,,2,3,2,4,3,3,1,3,4,5,3,1,5,3,3,1,2,3,1,3,4,2,6,5,2,5,4,2,1,3,1,1,3,,3,1,,7,3,4,2,1,1,3,4,5,3,2,,1,3,8,2,1,1,3,3,4,,3,1,1,2,1,3,3,3,2,1,4,1,,1,,2,3,1,2,4,2,1,2,2,5,,4,2,4,3,1,2,1,2,3,3,1,1,,2,3,2,4,4,,1,,3,4,5,2,,2,1,,1,2,1,2,3,2,2,5,1,1,,2,2,1,1,2,3,,3,1,3,4,2,,,2,1,1,,,1,,1,2,1,3,2,1,2,,2,,3,2,3,1,,,1,2,,,1,1,2,2,2,1,1,,1,5,,4,2,4,1,,2,2,4,1,3,1,1,2,3,6,1,1,2,1,3,1,,2,1,1,1,2,1,2,2,1,1,,2,1,4,,4,,1,,,2,2,2,2,2,
RI,,,,,,,,,,,,,,,,,,,,,,,,,,,,,,,1,,,,,,,,,,,,,,1,1,,,,,,,1,,,,,,,,,,,1,,,,,,,1,,,,,,,,,,,1,,,,,,,,,,,,,,,,,,,,,,1,,,,,,,,,,,,,,,,,,,,,,,,,,,,,,,,,,,,,,,,,,,,,,,,,,,,,1,,,,,,,,,1,,,,,,1,,1,,,,,,,1,,,,,1,,,,,,1,,,,,,,,,,,,,,,,,,,,,,,,,,,,1,,,,,,,,,,,,,,1,,,,,,,,,,,,,,,,,,,,,,,,,,,,,,,,,,,,,,,1,,,,1,,,,,1,2,,,,,,,,,,,,,1,1,,,,1,,,,1,2,,,,,,,,,1,1,,1,,,,,,1,,,,1,,,,,1,1,,1,,,,,1,,,,,,,,,,,,,,,,,,,,,,,1,,,,,,,,,,,,,,1,,,,,,,,,,,,,1,,2,,,,,,,,,,,,,,,,,,,,,,,,,,,,,,,,,,,,,,,,,,,,,,,,,,,,,,,,,,,,,,,,,,,,,,,,,,,,,,,,,,,,,,,,,,,,,,,,,,,,,,,,,,,,,,,,,,,,,,,1,,,,,,,,,,,,,,,,,,,,,,,,,,,,1,1,,,,,,,,,,,1,,,,,1,,,,,,,,1,,,,,,,,,,1,,,,,,,,,,,,,1,,,,,,,,,,1,,,,,,,,,,,,,,,1,,,,,,,,,,,,,,,,,1,,,,,,,,,,,,,,,,,,,,,1,,,,,,1,,,,,,,,,,,1,1,,,,1,,,,,1,,,1,,,1,1,1,1,,1,,3,,1,,,,,1,,2,1,,,1,1,,,,2,1,,,,,1,,,,,,,,,,1,,,,,,,1,,1,,,,,1,,,,,,,,,,,,,,,,,,,,,,,,,,,,,,,,,,,,,,,,,,,,,,,,1,1,,,,,,1,,,,1,1,,,,1,1,,1,,,1,,,,,,,,1,,,,,,,,,,,1,,,1,2,1,,1,,,,,,2,,,,,,,,,,,,,,,,,,,,,,,,,,,,,,,1,,1,1,,1,,,,,,,,,,,,,,1,,,,,1,,2,,1,,,,,,1,,,1,,,,,,,2,1,,1,1,,,,,,,,,,1,,1,,,,1,,1,,,,,,,,,,,,1,,,,,,,,,1,,,1,,1,,,,,,,,,,,,,,1,,,,,,,,,,,,,,1,,,,1,,,,,,,,,,,,,,,,,,,,,,,,,,1,1,,,,,,,,,,,,,,,,,,,,,,,,,,,,,,,,1,,,,,,,,,,,,,,1,,,,,,,,,,,,,,,,,1,,,
SC,,,,,,,,,,,,,,,,,,,,,,,,,,1,1,,1,1,,,,,,1,,,,,,,,,,,,,1,,1,1,1,1,1,,,,,,,,,,,,,,,,1,,,,,,,,,,,,,1,,,,,,,1,,,,,,,,,,,,,,,,,,,,,,,1,,,,,1,,,,,,,,,,,,1,,,1,,,1,,1,,,,,1,,,,,,,,,,1,1,,1,,1,,,1,,1,,,1,,,,,,,1,,1,,,,,,,,,,,,,,,,,,,,,,1,1,,,1,,,,,,,,,,,,,,,,1,,,1,,,,,,,,,,,,,,,,,,,,1,,,,,,,,,,,,,,,,,,,,1,1,,,2,1,,1,1,,1,,,1,1,,1,,2,,,1,,,,,,,,,,1,1,,,,1,,,,1,,1,,,,1,1,1,,,,,1,,1,,1,,1,1,1,1,,,,,,1,1,1,,,1,2,,2,1,1,2,1,,,1,1,,,,2,,1,,,1,1,,,,,,,,,,,,,,,,,,1,,,,,,1,,,,,,,,,,1,,,,2,,,,,1,,,,,,1,,1,,,,,1,,,,,,,,,,,,,,2,,,,,,,,,,,,,,,1,,,,,,,,,,,,,,,,,1,,,,,,,,,,,,,,,,,,,,,,,,,,,,,,,,,,,,,,,,,,,,,1,,1,,,,,,,,,,,1,,,,,,,,,1,,,,,,1,,,,,,,,1,,,,,1,,,1,,1,,,1,,,,,,,2,,,2,,,,,1,,,1,,,,,2,,,1,,,,,1,,,,,,,2,,2,1,,,,,1,,,,,,1,,,,,,,,,,1,,,,,,,,,,,,1,,,,,,,,,,,1,,,,,,,,,,,,,,,,,,,,,,,,1,,,1,,,,,,,,,,,,,,1,1,,,,,3,,,1,,1,,2,,3,2,,1,,,,,,1,,1,,,1,,2,,,1,1,2,,,,,1,,,2,,,,,,,,,1,1,,,,,,,,1,,1,1,,,,,,,,,,,,,,,,,1,,,,,,,,,,,,,,,1,,1,,,,,,,,,,,,,,,,,,,,,,,,,,,,,2,,,,,,1,,,,,2,,,,,1,,,,,,,,1,1,1,1,,,,,,,,,,,1,,,,,,,,,,,1,,,,,,,,1,,,,1,,1,,,,,,,1,,,,,1,1,,,,,,1,,1,,,,1,,,,,,,2,,1,2,,,1,,,1,,,,1,,,,,,,,1,,,,,,,,,,,,,,1,,,,,,,,,,,,,,1,1,,,,,,,,,,,,,,,,,,,1,,,,,,,,,,,,,,,,,,,,,,,1,,,,,,,,,,1,,,,,,,,,,,,1,,,,,1,,,1,,,,,,1,,,,,,,1,,,,,,,,,,,,,,,,,,,,,,,1,,,,,,,,,,1,,,,,,,,,,,,,,,,,,,1,,1
SD,,,,,,,,,,,,,,,,,,,,,,,,,,,,,,,,,,,,,,,,,,,,,,,,,,,,,,,,,,,,,,,,,,,,,,,,,,,,,,,,,,,,,,,,,,,,,,,,,,,,,,,,,,,,,,,,,,,,,,,,,,,,,,,,,,,,,,,,,,,,,,,,,,,,,,,1,,,,,,,,,,,,,,,,,,,,,,,,,,,,,,,,,,,,,,,,,,,,,,,,,,,,,,,,,,,,,,,,,,,,,,,,,,,,,,,,,,,1,,,,,1,,,,,,,,,,,,2,1,,,,,,,,,,,1,,1,,,,,,,,,,,,,,,,,,,,1,,,,,,,,,,,,,,,,,,,,,,,,,,,,,,,,,,,,1,,1,,,,,,,,,,,,,,,,,,,,,,,,,,,,,1,,,,,,,,,,,,,,,,1,,,,,1,,,,,,,,,,,,,,,,,,,1,,,,,,,,,,,,,,1,,,,,,,,,,,,,,,,,,,,,,,,,,,,,,,,,,,,,,,,,,,,,,,,,1,,,,,,,,,,,,,,,,,,,,,,,,,,,,,,,,,,,,,,,,,,,,,,,,,,,,,,,,,,,,,,,,,,,,,,,,,,,,,,,,,1,,,,,,,,,,,,,,,,,1,,,,,1,,,,,,,,,,,,,,,1,,,,,,,,,1,,,,,,,,,,,,,,,,,,,,,,,,,,,,,,,,,,,,,,,,,,,,,,,,,1,,,,,,,,,,,,,,,,,,,,,,,,,,,,,,,,,,,,,,,,,,,,,,,,,,,,,,,,,,,,2,,1,1,,,,1,,,,,,,,,,,,,,,,,,,,,,,,,,,,,,,,1,,,,,,,,,,,,,,,,,,,,,,,,,,,,,1,1,,,,,,,,,,,,,,,,,,,,,,,,,,,,,,,,,,,,,,,,,,,,,,,,,,,,,,,,,,,,,,,,,1,,,1,,,,,,,,,1,,,,,,,,,,,,,,,,,,,,,,,,,,,,,,,,,,,,,,,,,,,,,1,1,,,,1,,,,,,1,,,,,1,,,,,,,,,,,,,,,,,,,,,,,,,,,,,,,,,,,,,,,,,,,,,,,,,,,,,,,,,,,,,,,,,,,,,,,,,,,,,,,,,,,,,,,,,,,,,,,,,,,,,,,,,,,,,,,,,,,,,,,,,,,,,,1,,,,,,,,,,,,,,,,,,,,,,,,,,,,,,,,,,,,,,,,,,,,,,,,,,,,,,,,,,,,,,,,,
TN,,,,,,,,,,,,,,,,,,,,,,,,,,1,1,,3,,1,1,1,2,1,1,2,3,3,,,,,,,1,3,1,1,2,,1,,1,,2,1,,,1,,,1,,1,,1,,2,,1,,,,1,,1,1,,,,1,,,,1,,2,,1,1,,1,,,,2,1,1,2,,,,,,,,,,1,,,,,1,,,1,1,,,,1,,,,,,1,2,,2,,,1,,2,5,,3,,2,3,4,3,4,,4,3,1,3,1,3,1,4,3,,3,1,3,2,,,,,,2,1,,1,,2,2,,1,4,1,1,2,,1,,2,,,,1,1,1,2,3,,2,4,,1,,1,,,2,2,1,3,,1,,,,1,2,1,,,,,1,2,1,,1,,,2,,2,1,,1,1,2,,4,3,1,4,4,2,2,2,2,,1,1,1,2,,,,1,,2,,1,1,,,1,4,1,1,,,,1,1,2,,1,2,1,1,3,3,3,1,,,3,1,1,6,4,2,5,2,5,3,1,2,,1,2,2,5,2,1,4,3,2,,1,2,3,2,2,3,2,2,2,,1,3,2,3,7,3,1,2,3,2,2,2,4,8,4,2,4,2,1,1,2,2,1,1,2,2,5,4,1,,2,4,,3,,2,1,,,,4,,2,1,1,1,,2,,,1,,,,1,3,,,,1,,,,,,,1,1,,2,2,2,1,1,1,,,,1,,1,,,1,,,,,2,,1,,,1,,1,,,,1,2,,1,2,,,,,,,,1,1,,,,,1,,,,2,,,1,,2,,,1,,1,,,,1,1,,1,,,,,,,2,1,1,2,,2,,,2,,1,,,,,,1,,,,,,2,,,,,,,,,,1,2,,1,,,,,,,,,,,,,,,1,,,,1,,,1,,,,,,1,,1,,,1,1,,,1,,,1,1,,3,,,1,1,1,3,2,,1,1,4,1,1,2,,1,5,2,2,3,2,1,,3,1,1,1,1,2,2,5,2,,,1,2,1,4,3,1,9,1,1,,3,,2,1,,,2,,1,2,1,3,1,,2,1,,1,,1,,,,1,1,,1,1,,,1,1,,,,,,,1,,,,,,,1,,,1,1,,,1,,,,,,,2,,1,,1,,1,1,1,,1,,,,,,,,1,,1,1,,1,1,1,,3,2,,,3,,5,1,5,2,3,3,2,10,9,9,3,2,5,9,9,8,9,5,4,2,7,8,10,4,5,6,4,6,,4,6,3,4,6,4,2,3,8,2,5,10,3,2,2,2,3,3,2,3,2,3,,,1,,1,,2,1,,,,2,,,1,,1,1,1,1,,,1,,,,,,,,,1,,1,,,,,,,,1,,,1,,,1,1,,,1,,,,,,,,,,3,5,1,2,1,,,,1,1,,,,,,1,3,2,1,,2,1,1,,2,1,,1,2,,,1,1,2,2,2,,,1,1,2,,1,1,1,,,3,2,1,1,1,1,4,1,2,2,,1,1,,1,1,2,3,,1,,3,2,2,1,1,1,3,,2,1,,,2,1,,3,1,,,,3,,2,1,,2,1,1,2,1,,3,1,,2,2,2,4,2,2,1,1,3,1,,1,4,2,2,1,1,,1,,1,2,,1,1,2,2,2,1,1,2,1,1,4,2,1,3,,1,1,1,2,2,,2,1,1,1,,1,1,2,1,,1,1,1,1,1,,1,,,,1,2,,1,,2,2,,,,,,,1,1,1,,,,,,1,,,,,1,,,,2,,2,,,,1,1,2,1,,,1,,,,1,1,1,,,,,,1,,,2,1,,2,,1,1,,,,,3,,,,1,,,1,,,1,1,,,1,2,1,,,,,,1,,,2,1,,,,1,,,3,1,1,,,1,,,,,,,,1,,,,1,,,,,2,1,,,,1,,1,,,,1,,,2,1,
TX,,,,,,1,,1,,,1,,,,,1,,1,,,,1,,,2,5,4,1,9,10,4,8,8,4,8,10,11,7,4,4,4,6,6,4,9,4,10,7,7,5,4,5,7,6,3,8,3,1,1,2,1,2,2,5,3,2,2,4,5,4,2,4,1,1,2,3,7,3,2,3,,4,1,1,6,3,2,,1,2,1,1,3,1,1,3,5,2,3,1,2,2,3,1,1,2,4,2,,3,3,2,5,5,2,3,6,5,3,3,8,4,3,9,13,19,26,11,11,18,15,28,24,28,18,15,10,16,20,18,15,12,31,17,28,12,16,14,11,11,15,20,6,11,16,11,8,10,12,7,11,8,9,6,1,7,5,12,5,5,12,10,7,9,8,11,7,3,5,6,4,6,7,5,3,3,3,2,5,2,5,5,1,3,6,1,6,2,6,25,1,3,4,4,2,5,2,2,5,2,3,3,3,2,2,3,5,3,7,2,1,3,2,4,3,1,2,3,1,5,,4,25,15,5,10,10,8,10,5,4,9,5,7,10,4,3,5,3,6,2,3,5,4,5,4,2,8,5,7,7,1,2,6,8,4,7,7,6,8,8,8,14,14,15,5,6,10,7,7,16,19,28,9,11,8,5,7,7,2,10,12,17,5,15,13,11,10,12,12,19,24,12,13,14,10,12,11,11,11,10,7,10,11,14,11,10,7,7,6,12,18,19,10,10,8,15,8,15,13,8,9,8,15,14,13,8,11,6,5,2,8,16,9,14,15,6,8,12,7,7,8,6,4,3,5,10,4,7,5,6,7,8,6,6,5,3,3,3,4,2,1,2,3,,5,5,2,2,2,2,,5,12,6,5,1,5,4,6,2,8,2,1,4,2,1,1,1,1,3,,2,2,4,5,3,2,4,3,3,5,3,6,4,5,1,1,5,2,3,1,1,1,3,2,3,2,2,,1,3,4,3,3,1,,3,3,6,1,2,2,2,2,5,1,3,2,1,,,5,2,,1,2,,,2,,1,1,1,1,,1,1,1,,,2,,1,1,1,,1,,,,1,,3,1,1,2,2,,2,2,2,1,1,,,1,,,,1,1,3,1,2,2,2,1,,1,,2,3,,,1,1,4,2,4,1,2,6,2,6,11,3,6,3,5,6,6,1,8,10,1,7,5,11,16,7,9,4,6,9,9,15,10,7,4,8,33,19,9,9,7,2,7,13,12,10,10,1,9,11,6,6,8,6,11,2,4,4,8,9,6,2,5,7,5,4,4,9,2,4,8,4,1,5,7,6,6,4,3,2,1,6,5,3,2,8,,4,5,2,3,2,3,2,1,2,3,1,1,,3,1,7,2,,2,4,2,4,1,4,3,3,2,7,6,4,2,,,2,1,2,1,1,1,1,2,4,1,1,2,,3,2,6,1,,4,2,2,2,2,1,2,5,2,2,1,4,2,5,1,4,1,7,8,5,19,12,16,16,14,30,29,49,29,24,37,48,46,34,45,25,16,28,29,44,53,41,30,25,23,29,36,26,36,23,12,30,18,23,20,29,19,30,20,25,13,15,17,10,6,3,5,8,9,3,5,1,5,1,10,8,7,4,4,1,1,2,1,4,1,2,5,1,4,3,2,2,,2,1,2,3,3,,1,2,,,5,1,2,4,3,,2,2,1,,2,3,5,6,3,2,1,1,2,1,2,3,3,2,4,1,2,2,2,,2,,3,7,4,2,2,,4,1,7,5,3,8,2,4,4,5,4,3,1,1,4,1,3,7,,4,2,1,2,8,8,2,3,3,3,4,6,4,9,4,2,3,4,7,6,5,6,9,4,4,10,9,8,7,8,7,10,11,12,8,9,14,6,6,5,8,6,9,7,4,6,8,8,7,7,7,11,10,12,10,10,11,14,8,3,11,10,13,14,6,11,11,9,14,8,9,6,9,10,16,5,15,9,13,8,9,12,12,7,6,18,7,12,11,8,4,6,5,4,6,8,9,7,8,12,6,7,15,7,9,6,8,2,6,3,10,6,8,6,4,5,8,3,8,1,5,2,3,10,5,4,5,1,5,2,4,5,5,4,5,1,3,4,4,1,1,3,3,2,1,5,1,,1,2,3,1,1,3,2,1,1,2,2,3,1,2,1,4,1,1,2,2,5,2,4,1,1,3,2,1,,2,1,5,4,2,1,3,3,2,2,2,2,4,1,,4,1,2,5,1,2,,2,4,5,7,3,2,3,8,3,3,5,,1,2,3,6,3,2,1,2,3,1,6,5,4,3,2,3,3,5,2,11,6,1,3,7,5,9,6,4,3,6,3,8,3,5,4,4,3,2,1,4,2,1,6,4,4,6,4,1,5,5,4,4,4,4,4,1,1,4,2,3,1,4,6,3,4
UT,,,,,,,,,,,,,,,,,,,,,,,,,,,,,1,,1,,3,,1,3,,,,,2,2,1,,2,,,1,,1,1,,,1,,,,,,,,3,,,,,,,,1,1,,1,,,,,,,1,,,,,,1,1,1,,,,,,,,,,,,,,,,,,,,,,,,,1,,,,,,1,,,,,1,,,,,,,1,,1,,2,,1,,,,,,,2,,,2,,,3,1,1,,,,1,,,,,2,1,,,,1,,,,1,,,1,1,1,1,,2,,1,,,1,,,,,,,1,1,2,,,1,,,,,,,,,,,,1,1,1,,,,,,,1,1,,,,1,,,,,2,,,2,,2,2,2,1,1,,2,1,2,,,,3,2,,,,1,,,1,,2,,1,,,1,1,,1,2,1,,,4,1,2,2,1,,,2,1,1,,,1,,,3,6,,,,1,1,,,1,,,,,1,1,2,,,3,3,1,,,,2,1,,1,,,,1,2,2,,,1,1,,1,,,,1,1,1,,1,1,,3,1,1,1,1,1,,2,1,,,1,,2,2,,,,2,,,1,1,1,2,,,,2,,,1,,,1,1,1,,,1,,,1,,,,2,,,,,,,,,,,,1,,,,,,1,1,,,,,1,,,,,,,,,,1,,,,,,,,,,2,,,,,,,,,,1,1,,,,,,,,1,,,,,,,1,,,,,,,,,,,,,,,1,,,,,,,,,,,,,,,,,,,,,1,,,,,,,1,,,,,,,,,,,,1,,,,,,,,,,,,,,,,,,,,,,,,,,,,,2,,1,,,,1,,3,,,,,,1,,,,,,1,,,1,1,1,1,,,,1,,1,2,,1,,1,3,1,,1,3,1,,,,2,,1,,1,,1,,,,,1,1,1,1,,,1,2,1,,1,1,,1,3,1,,,,2,,,,,,1,1,1,,1,,,,,2,1,,,,,,1,,1,1,,,3,,,2,,1,,,,,,,2,,1,,2,,1,1,1,2,,,,,,1,,,,,,,,,,,1,2,,,1,,2,,1,1,,,2,2,3,1,3,3,3,3,5,2,3,3,4,4,6,4,2,2,1,4,6,2,1,1,1,3,2,1,2,2,1,,4,1,2,1,1,1,1,,1,1,1,1,1,,,1,,1,,,,2,,,,2,,,,,,,1,,,,,,,,,,,,,,,1,,,1,,,,,1,,1,,1,,,,,,1,,,,,,,,,1,,1,,,,1,,1,,,,1,,2,1,1,,,,,,1,1,1,1,,3,,,,1,1,2,,1,1,,,,,2,,,,,,1,1,6,3,,1,1,1,1,1,1,,2,1,1,1,3,1,,1,1,,1,1,,1,1,,,3,4,1,,1,2,,,,1,1,3,1,3,,,,,1,1,,1,1,2,1,,,,,,1,,1,,,,1,,1,2,,,,2,,1,,1,,,,,,,,1,,,,,1,,,2,,,,,,1,1,1,,,,,,,,,2,,1,,,,,,,,,,2,1,1,,,,,1,,,,,,1,,1,,,,,,,,,1,,,,,,,,1,,,,,1,,,,,,,,,1,,1,,,2,,1,,,,1,,,,,,1,,1,,1,1,1,,,,,,,,1,1,,,1,,,2,,,,,,,,,,1,1,,,,,,,,,,2,,,,,,,,,,,,,,,,,,1,,,,,
VT,,,,,,,,,,,,,,,,,,1,,,,,,,,,,,,,,,,,,,1,,,,,,,1,,,,,,,,,,,,,,,,,,,,,,,,,,,,,,,,1,,,,,,,,,,1,,,,,,,,,,,,,,,,,,,,,,,,1,,,,,,,,,,,,,,,,,,,,,,,,,,,,,,,,,,,,,,1,,,,,,,,,1,1,,,,,1,,,,1,,,,,,,,,,,,,,,1,,,,,,,,,,,,,,,,,,,,,,,,,,,,,,,,,,,,,,,,,1,1,1,,,,,,,,,,,,,,,,,,,,,,,,,,,,1,,,,,,,,,,,,,2,,,,,,,,,,,,,,,,,,,,,,,,,,,,,,1,,,,,,,1,,,,,,,,,,,,,,,,,,,,2,,,,,,,,,,,,,,,,,,,,1,,,,,,,,1,,,,,,,,,,,,,,,,,,,,,,,,,,,,,,,,,,,,,,,,,,,,,,,,,,,,,,,,,,,,,,,,,,,,,,,,,,,,,,,,,,,,,,,,,,,,,,,,,,,,,,,,,,,,,,,,,,,,,,,,,,,,,,,1,,,,,,,,,,,1,,,,,,,,,,,,,,,,,,,,,,,,,,,,,,,,,,,,,,,,,,,,,,,,1,,,,,,,,,,,,1,,,,,,,,,,,,,,1,,,1,,,,,,,,,,,,,,,,1,,,,,,,,,,,,,,,,,,,,1,,,,,,,1,,,,,,,1,,,,,,,,,,,,,1,,,,1,,,,,,,,,,,,,,,,,,,,,,,,,1,,,,,,,,,,,,,,,,,,,,,1,2,,,2,,,,,,1,,,,1,1,2,1,1,1,,3,,,,1,,,,,1,,,,,1,,,,,,,1,,,,,,1,,,,,,,,,,,,,,,,1,,,,,,,,,,,,,,,,,1,,,1,,,,,1,,1,,,,,,,,,,,,,,,1,,,,,,,,1,,,1,,,,,1,1,,,,,,1,,1,,,,,,,1,,,,,,,,,2,,,,,,,,,,,,,,,,,,,,,1,2,,,,,1,2,,,,,,,1,1,,,,,,,,,3,4,2,1,,,,1,1,1,,,,,,,,,,,,,,,,,,,,,,,,,,,,,,,,,,,1,,,,,1,,,,,,,,,,,,,,,,,1,,,,,1,1,,3,,1,,,,,1,,,,,,,,,,,,,,,,,1,,,1,,,,,,,,1,2,,1,1,,,,,,,,,1,,,,,,,,,,,,,,,,,,,,,,,,,,,,,,,,,,,,,,,1,,,,,,,,,,,,,,,,,1,,1,,,,,,,,,,,,,1,,,,,,,,,,,,,,,,,,,,,,,,,
VA,,,,,,,,,,,,,,1,,,,,,,,1,,,,,,,2,1,1,,,1,1,1,,1,2,1,1,,,,,,,1,,,2,,1,2,,,1,,,,1,,1,,,,,,1,,3,,1,2,,,,2,1,,,1,1,,,1,1,,1,1,1,,,1,,,,3,,,1,1,,,,1,1,1,,1,,,1,,1,1,,,,,,,,,1,,,,1,1,1,,,1,1,2,3,,1,1,,1,2,1,1,1,4,1,,1,1,2,,4,1,2,1,2,1,3,,1,1,1,,2,,1,,,,,1,,,3,2,1,1,2,,,,1,,,,,,,1,,1,1,,,,,,,,,2,1,2,1,,,1,,,,,,,,1,,,,,,1,1,,,,,,,,1,3,2,1,1,1,1,1,1,3,1,,3,,1,,,,,,2,1,,1,1,,1,,,1,3,1,,1,,1,,,1,,,1,,1,1,3,1,1,,2,3,1,,3,,2,1,2,1,1,,3,2,1,,1,2,3,4,4,,4,,,3,2,2,1,,1,2,1,1,1,1,1,,2,,3,6,4,3,4,1,1,,1,,2,3,1,1,3,2,2,4,1,,1,2,2,2,2,3,,1,2,2,3,,2,,1,1,2,,1,,2,,4,1,2,,,1,1,1,,,,,,1,,1,,,,,,1,,,,2,,,1,,1,3,1,,1,,,,,,,,,1,,,2,2,,,2,1,2,1,,1,,,1,1,1,,1,1,,1,,,,,,,,,,1,,,,,,,,2,,,,,,,,1,1,,1,,,,,,,1,,,,1,,,,,,,,,,,,,,,,,,,,,,,,,,,,,,,1,,,1,,,,,1,,,1,,,,1,,,,2,1,,,,,2,,,,,1,,1,,,1,1,,1,1,,,,1,,1,,1,1,3,1,,1,2,1,1,,,,,1,1,,3,2,1,2,1,1,3,,2,1,,,2,2,1,,1,,1,1,1,1,,1,,1,1,,,,,,,,3,1,,,,,1,1,,,1,,,,1,1,1,,,,1,1,2,,,,,,,1,,,1,,,,2,1,,1,,,,,,1,1,,2,1,,,,1,,,,2,,1,,,,,3,,,,,1,,1,3,,1,2,1,,,1,,5,1,4,4,1,1,3,4,3,4,2,1,1,5,3,3,1,5,4,1,5,7,4,4,5,1,5,4,3,5,3,2,1,2,2,,2,3,1,,1,1,2,1,,2,,2,3,1,2,1,,,3,,3,1,,2,3,1,1,,,2,,,1,2,1,1,,2,1,1,1,,,1,,1,,1,1,1,,4,1,1,1,,1,,1,,,,1,,2,1,2,,,,4,,,1,1,,1,,1,1,,1,1,,6,,1,1,,2,1,2,,,1,,1,2,1,,,,,1,1,2,,1,1,,,1,2,4,,1,1,1,1,1,2,,2,,4,,2,3,,1,1,1,2,1,,1,1,,,1,,,,,,1,,1,1,,,,1,,,1,1,,,2,,3,,2,1,1,1,2,2,1,,2,2,,2,2,,,1,,3,4,1,,1,2,2,3,,1,1,2,1,,2,,,1,3,2,1,,2,1,1,1,,1,3,2,3,2,,2,1,,2,,1,2,1,2,,,1,3,,1,,,,2,1,1,,3,1,,,2,,,,,1,,2,,,1,,1,2,,1,2,,,,,3,1,2,,,1,3,,1,,1,,,,,1,,,,,,,,,,2,,1,,,,2,,,,,,,,,,2,1,1,,,1,1,,1,2,2,2,1,,1,2,1,1,,,2,1,2,,1,1,,3,,1,1,,,,,1,2,2,1,2,1,,1,2,2,,,2,,1,,1,2,1,,1,,1,,,,1,,1,1,,2,,1,1,,2,,2,1,
WA,1,,,,,,,,,1,,,,,,,,1,1,3,,,,,1,,,,1,3,3,2,1,,1,1,6,4,3,1,1,1,1,,1,2,,1,2,1,1,2,2,,1,,1,1,,,,,,1,2,1,3,1,,1,1,,1,,,3,1,3,1,1,,,,,1,,,,,,1,2,,1,,1,,,1,,,,,1,1,,,,,,,,,,,,,,,,,,1,,,,,,,1,2,1,,1,1,,,2,,1,1,1,2,1,1,1,1,,1,,3,1,,4,1,1,1,1,2,,2,1,,,,1,,3,2,2,,,,,,3,2,2,1,,1,,2,1,1,,1,,2,1,1,,,2,,,2,2,1,1,,,,1,1,,,1,1,,,,,,,1,1,1,,,,,,1,4,1,3,1,,,,,8,2,7,1,,3,,2,1,,2,2,,,1,1,1,,,1,1,2,1,,,,,1,4,2,1,,2,,5,3,1,1,,2,2,,3,,3,1,6,1,1,3,3,3,2,2,1,6,,,1,2,,,2,3,1,1,2,1,4,1,,1,1,1,,1,,1,1,5,1,1,3,2,2,1,,1,3,,,1,1,2,1,1,,4,2,1,1,1,1,1,2,1,,2,,1,1,,3,4,1,1,2,4,,1,,,,1,1,1,1,1,1,1,,1,1,6,,1,1,,,,1,,2,,2,,1,,1,,3,1,2,,1,1,1,,1,,1,,,,,,1,1,1,1,1,,,,,1,1,1,,1,,1,1,,,1,2,2,1,,,,,1,1,1,1,1,2,,2,2,,,1,1,,,2,2,,1,,,1,,1,,1,,,,,1,1,,2,1,1,1,,1,,,,,,,,,,,,,1,,,,1,,,,,,,1,,1,1,,,,,,,,1,,,1,,,,,,,1,2,1,,,,,,,,1,,,,,1,,1,1,,1,1,3,2,2,,1,4,,,2,2,1,,,,,3,2,,,1,1,,,,,1,,1,1,2,1,,,,1,,4,,,2,,,1,,2,3,,1,,,1,,2,,,,,,2,,,,2,,2,2,,1,3,1,,,1,2,1,,2,1,1,1,1,1,,,1,1,,,,,1,,,2,,1,,1,,2,1,2,4,,1,2,,2,,1,,,1,1,1,,2,,1,,3,,,,,,,,,,,1,,,3,1,1,3,2,,,3,4,2,1,6,4,4,7,3,12,3,2,3,6,7,7,4,5,4,5,11,9,4,8,7,6,6,4,7,8,9,5,2,9,5,3,2,3,8,5,8,7,7,1,4,2,5,7,2,2,6,2,3,1,3,2,1,3,1,2,2,2,,2,3,,,,,,1,,1,1,1,,,1,3,,1,,2,3,1,1,2,2,2,1,2,3,,2,2,1,3,1,2,2,1,2,1,1,2,3,3,1,2,1,1,2,1,5,2,1,1,4,2,,4,1,5,,5,3,4,3,,1,5,2,3,3,3,3,1,2,3,1,3,2,2,3,3,1,3,6,4,1,2,2,5,8,2,3,5,3,3,5,3,3,4,1,1,1,2,5,3,2,6,2,2,2,3,3,5,,3,2,3,2,2,3,6,4,,3,2,,3,4,2,3,3,2,6,2,2,2,4,1,6,6,5,4,5,5,5,5,6,4,5,5,2,1,3,,6,8,3,3,3,2,3,2,,5,1,5,3,3,6,1,3,1,,3,3,2,4,3,1,3,2,2,1,2,1,4,2,1,,1,2,3,1,2,,2,2,1,2,3,2,,2,2,,3,3,,2,2,1,1,,1,3,,2,2,,,1,,2,1,,2,1,2,,,6,1,4,1,,,1,1,3,,1,,,,2,2,,1,,,1,1,1,,1,1,1,1,2,1,,,1,2,,3,,,,,2,1,1,1,1,2,1,1,1,2,1,1,1,3,1,4,4,2,,1,1,3,1,2,1,2,,2,,2,,1,1,2,,1,2,1,1,,2,,1,1,,2,1,,4,2,2,5,1,,1,1,1,1,1,1,2,,,,1,1,,,3,,4,1,1,1,1,2,1,1,1,3,2,1,,1
WV,,,,,,,,,,,,,,,,,,,,,,,,,,,,,,,,,,,,,,,,,,,,1,,,1,,,,,,,,,1,,,,,1,,,,,,,,,,,,,,,,,,,,,,,,,,,,,1,,,,,,,,,,,,,,,,,,,,,,,,,,,,,,,,,,,,,,,,1,,,2,1,1,,,,,,,,1,,,,,,1,,,,1,,,,,1,,,1,1,,,1,1,,1,,,,,,,,,,,,,,,,,,,,,,,,,,,,,,,,,,,,2,1,,,1,,1,,,,,,,,,,,,1,,,,,,,,,,,1,,,,,1,,,,,,,,,,,,1,1,,1,,1,,,,,,,,,,,,,,,,,1,2,2,,,,,,1,,1,1,,,,,,,2,,,,,,,,,,,,,,,,1,,1,,,1,,,1,,,,,,,,1,1,1,,,,,1,,,,,,,1,,1,1,,,,,1,,,,3,,,1,,,,,,,,,,,,1,,,,,,,,,,,,,,1,,,,,,,,,,,,,,,,,,,,,,,,,,,,,,1,,,,,,,,,,1,,,,,,,,,,,,,,,,1,,,,,,,,,,,,,,,,,,,,,,,,,,,,,,,,,,,,,,,,,,,,,,,,,,,,,,,,,,,,,,,,,,,,,,,,,,,,,,,,,,,,,,,,,,,,,,,,,,,,,,,1,1,,,,,,,,,1,,,,1,,,1,,1,,,,,,,,,,1,1,1,,,2,,,1,1,,,1,,,,1,1,,,,,,,,,,,,,,,,,,1,,,,,,,,,,,,,,,,,,,,,,,,,,,,,,,,,,,,,,,,,,,,,,,,,,,,,,,,,,,,,,,,,,,,,,,,,,,,,,,,,,1,,,,,3,,1,,,2,1,,1,1,1,1,,2,1,,,,,,,,1,1,,,,,,,1,,,1,1,2,,,,,,1,1,,,,,,,,,,,,,,,,1,,,,,,,,,,,1,,,,,,,,,,,,,,,,,,,1,,,,,,,,,,,,,,,,,,,,,,,,,,,,,,,,,1,,,,,,,,,,,,,,,,,,,,,,,,,1,,,,,,,,,,,,,,1,2,,,,2,,1,,,2,,,,,,,,1,2,,1,1,,,,,,,1,,,,,,,,,,1,,,,,,,,1,,,1,,,,1,,,,,1,1,,,,,,,,2,,,,,,,1,,,,,,,,,,,1,,1,,,1,,,,,,,,,,,,,,,,,,,,1,1,,,,,,,,,,,,,,,,,,,,,,,,,,,,,1,,,,,,1,,,,,,,,,,,,,,,,,,,,,,,,,1,,,1,1,,,,,,,,,,,,,,,,,,,,,,,,,,1,,,,,,,,,,,,,,,1,1,,1,,,1,1,,,,,,,,,,,,,,,,,,
WI,,,,,1,,,,,,,,,,,,,,,,,,,,,,,,,2,1,1,,4,,2,1,,1,2,,,,,,,,1,1,1,1,,,,2,,,2,,,,3,,,1,,,,1,,2,1,1,,1,,,,,,,,,,1,,,,,,,1,,,,3,,1,,,1,,,,,,,,1,,,,,1,,,,,,1,,,,,,1,,,1,3,,1,,,,,1,1,3,,1,1,1,1,,,,,1,1,2,1,,2,1,3,,,,2,,1,,2,,1,,2,,,,,,1,1,2,,1,,1,,1,,1,,,,1,1,1,2,,,4,1,,,,,,,,1,2,,,,1,,1,1,,,,,,1,1,,1,,1,1,,2,1,,,1,1,,2,4,3,2,1,3,1,1,1,2,,1,2,1,2,2,1,,,,1,,1,,1,,1,1,1,,1,1,1,,3,3,3,2,,1,4,1,3,4,2,1,,2,3,4,4,3,3,,1,,2,2,1,,1,2,,1,1,,2,,1,4,1,1,2,1,1,,1,,,,,2,1,1,4,1,1,1,2,,2,,,1,2,1,,,3,2,1,3,,2,2,1,1,1,,,,,1,,,,,3,,,1,,,1,,,,,1,,,,,,1,,,1,,,,1,1,1,,,,1,,,,,2,,,,,1,,1,1,,,,,,,,,1,,,,,,,,,1,,,,,,1,,,,,,,,,,,1,1,,,,,,1,,1,1,,,1,1,,,,,1,,1,,,,,,,,,,,,,,1,,,,,,,,,,1,,,1,,,,,2,,,,,,,,,,,,,,,,,,1,,,,,,1,,,,,,,,,,,,,,,1,,,,,,,,,,,,1,,,,,1,,,1,1,1,,,,1,,1,,,,,2,,,1,,,,,1,,,,,,,1,2,1,,,,,,2,,1,,,2,,,,1,,,2,,,,1,,,,1,,,,,,,1,,1,,1,1,,,,,1,1,,,,,,,,,,,1,,,,1,1,4,1,2,1,,,,,1,,1,,,,1,,,3,2,,,2,,,,1,,,2,,,,,,,,,3,,3,,,1,2,3,,,4,6,3,4,5,1,2,3,7,7,7,5,2,3,2,7,9,7,1,5,2,2,5,5,2,5,3,1,1,7,5,6,2,2,2,3,,1,1,,1,,,1,,1,1,,1,2,,1,1,2,,,,,,2,2,,,,,1,1,1,,,,,,1,,,,,1,,,1,,,,,1,1,,,,1,1,,1,,,,,,,1,,,,,,,,,,,,2,,2,1,,1,1,,,,,,1,3,3,,1,,1,,1,2,1,1,2,,1,,2,1,2,1,1,2,,,1,,,,,1,1,1,1,2,2,,,1,,2,3,,,,1,1,1,,1,2,1,1,,,1,,1,,,2,,,,2,,,,,,1,,,2,,1,1,,,1,,1,,1,,,,1,1,1,1,1,,2,3,1,3,,1,1,2,,1,,1,1,,,,,,,1,1,,1,1,,,1,1,1,,1,3,,,1,1,2,1,,,1,,1,,2,,,,,,,1,1,,,2,1,1,,,,,1,1,,,,,,,1,2,,1,1,,,,1,1,,,1,1,,1,1,2,,,,,,1,1,,,,1,,2,,,,1,,,,,2,1,,,1,,,,,,,,,1,1,2,1,1,,,,,3,,2,,,,,,1,1,1,,2,,,,1,3,2,1,,3,,,1,,2,,1,1,,1,4,1,,1,,,2,,,2,,1,,1,,,,,,1,2,1,2,,,,1,,,1,,,1
WY,,,,,,,,,,,,,,,,,,,,,,,,,,,,,,,,,,,,,,,,,,,,,,,,,,,,,,,,,,,,,,,,,,,,,,,,,,,,,,,,,,,,,,,,,,,,,,,,,,,,,,,,,,,,,,,,,,,,,,,,,,,,,,,,,,,,,,,,,,,,,,,,,,,,,,,,,,,,,,,,,,,,,,,,,,,,,,,,,,,,,,,,,,1,,,,,,,,,,,,,,,,,,,,,,,,,,,,,,,,,,,,,,,,,,,,,,,,,,,,,,,,,,,1,,,,,,,,,,,,,,,,,,,,,,,,,,,,,,,1,,,,,,,,,,,,,,,,1,,,,,,,,,,,,,,,,,,,,,,,,,,,,,,,,,,,,,,,,,,,,,,,,,,,,,,,,,,,,,,,,,,,,,,,,,,,,,,,,,,,,,,,,,,,,,,,,,,,,,,,,,,,,,,,,,,,,,,,,,,,,,,,,,,,,,,,,,,,,,,,,,,,,,,,,,,,,,,,,,,,,,,,,,,,,,,,,,,,,,,,,,,,,,,,,,,,,,,,,,,,,,,,,,,,,,,,,,,,,,,,,,,,,,,,,,,,,,,,,,,,,,,,,,,,,,,,,,,,,,,,,,,,,,,,,,,,,,,,,,,,,,,,,,,,,,,,,,,,,,,,,,,,,,,,,,,,,,,,,1,,,,,1,,,,,,,,,,,,,,,1,,,,,,,,,,,,,,,,,,,,,,,,,,,,,,,,,,,,,,,,,,,,,,,,,,,,1,,,1,,,,,,,,,,,,,,1,,,,,,,,,,,,,,,,,,1,,,,,,,,,,,,,,,,,,,,,,,,,,,,,,,,,,,,,,,,,,,,,,,,,,,,,,,,,,,,,,,,,,,,,,,,,,,,,,,,,,,,,,,,,,,,,,,,,,,,,,,,,,,,,,,,,,,1,,,,,,,,,,,,,,,,,,,,1,,,,,,,,,,,,,,,,,,,,,,,,,1,,,,,,,,,,,,,,,,,,,,,,,,,,,,,,,,1,,,,,,,,,,,,,,,,,,,,,,,,,,,,,,,,,,,,,,,,,,,,,,,,,,,,,,,,,,,,,,,1,,,,,,,,,,,,,,,,,,,,,,,,,,,,,,,,,,,,,,,,,,,,,,,,,,,,,,,,,,,,,,,,,,,,,,,,,,,,,,,,,,1,,,,,,,,,,,,,,,,,,,,,,,,,,,,,,,,,
DC,,,,,,,,,,,,,,,,,,1,1,,,,1,,2,4,,4,5,1,2,1,4,2,2,2,2,3,2,1,2,,3,3,,1,1,1,4,,,2,1,3,1,,2,,1,2,,,1,4,1,,1,1,1,,3,2,,1,1,2,,,1,1,,,,,,,2,1,,4,2,1,4,,,2,,,1,4,,,1,,1,2,,1,,,1,,1,2,,3,1,2,,1,1,,,,1,,,,1,1,1,,3,1,2,,2,,1,1,2,2,5,,1,1,1,3,1,,1,1,2,,3,4,1,,,,2,2,1,3,,3,1,3,2,1,3,1,2,1,1,2,,1,,2,1,,,1,,,2,,1,,,1,2,,,1,1,1,,,,,,,,,,,1,1,1,,,,1,1,1,,,1,,1,2,,3,,1,1,,,,1,13,14,1,8,12,4,2,2,2,2,2,1,1,2,2,1,,1,2,,,,3,3,3,,3,1,2,,,1,,1,,,2,2,3,1,2,2,,,2,4,2,5,1,13,11,1,,4,2,1,,,4,2,,,2,1,3,1,4,2,2,,1,1,2,2,1,1,2,1,3,,,,3,1,4,,2,2,5,1,1,1,2,1,1,3,1,,1,2,2,2,2,1,,1,1,1,2,1,1,1,2,1,,3,2,2,1,1,,1,,,1,1,,1,,1,1,1,,,,,1,,,,,,,,,2,,,,,,2,,,,,,,,,,2,,,,1,,,1,,1,1,1,,,,,1,1,,,1,,,2,1,3,1,,,,,,,2,,,,,1,,,1,,,,,,1,,,1,,1,,1,1,,,,1,,,,1,1,,,1,,,,,,,,,,,,,,,,,,,,,,1,,,,,,,1,,,1,,,,,,,,,,,1,,2,,1,1,,,1,1,,,1,,,,,,2,1,,,,1,1,1,,,,,,3,,7,,2,2,1,,1,,2,2,1,,,1,,1,4,6,1,,,3,2,,,1,2,1,1,2,,,,1,,,,2,,2,,,,,,1,,3,2,4,,,1,2,1,1,1,1,,,1,,,4,2,,,1,,,2,1,,1,,,1,,1,,,,1,1,2,,,1,,1,2,,,,,,1,,1,1,1,,2,,,,1,,,,,,1,,,,3,,,,,,1,,,,,,1,,,3,1,1,,2,3,5,8,3,7,4,6,19,10,5,2,9,11,9,6,6,6,7,12,10,11,14,7,6,4,5,8,5,5,7,1,3,3,4,3,4,4,,1,2,2,2,3,3,1,2,2,2,,1,2,4,,4,1,1,1,1,,1,2,2,,1,1,,1,,1,,1,1,2,1,,1,,,,,1,1,,2,,,1,3,,,,1,,,,2,1,,,,1,1,1,2,1,2,2,1,,3,1,3,8,1,1,2,4,2,1,5,,2,,1,5,4,1,3,2,,1,,4,,,3,2,1,3,1,2,3,5,1,3,4,3,2,2,1,,7,5,,4,3,2,2,,4,5,2,4,3,1,2,,3,2,1,,,1,6,6,1,6,1,3,2,4,3,5,4,4,2,3,,,1,,3,4,4,2,1,3,3,3,3,2,5,,,3,2,1,4,1,2,5,3,1,3,2,2,2,8,2,3,6,3,2,1,3,2,3,1,2,2,3,2,1,1,,1,,1,4,2,,,6,2,,,1,1,,1,1,3,1,,,,,,,2,,,,2,1,2,2,1,,2,,,2,1,1,,2,2,3,2,2,,,,1,2,,2,,,,1,,1,,,,,2,,1,1,1,2,1,1,,2,,1,1,1,1,2,2,3,,2,1,3,1,,1,2,,,,,,2,,1,,2,1,,2,2,,2,,,2,,,1,,1,,1,1,,1,,1,1,,,,,,2,,,,,,,3,1,3,1,3,,1,1,,2,1,1,2,1,,5,1,,1,1,,1,2,1,,1,,,1,,,1,,1,,2,1,4,1,1,,2,,,,1,1,,
AS,,,,,,,,,,,,,,,,,,,,,,,,,,,,,,,,,,,,,,,,,,,,,,,,,,,,,,,,,,,,,,,,,,,,,,,,,,,,,,,,,,,,,,,,,,,,,,,,,,,,,,,,,,,,,,,,,,,,,,,,,,,,,,,,,,,,,,,,,,,,,,,,,,,,,,,,,,,,,,,,,,,,,,,,,,,,,,,,,,,,,,,,,,,,,,,,,,,,,,,,,,,,,,,,,,,,,,,,,,,,,,,,,,,,,,,,,,,,,,,,,,,,,,,,,,,,,,,,,,,,,,,,,,,,,,,,,,,,,,,,,,,,,,,,,,,,,,,,,,,,,,,,,,,,,,,,,,,,,,,,,,,,,,,,,,,,,,,,,,,,,,,,,,,,,,,,,,,,,,,,,,,,,,,,,,,,,,,,,,,,,,,,,,,,,,,,,,,,,,,,,,,,,,,,,,,,,,,,,,,,,,,,,,,,,,,,,,,,,,,,,,,,,,,,,,,,,,,,,,,,,,,,,,,,,,,,,,,,,,,,,,,,,,,,,,,,,,,,,,,,,,,,,,,,,,,,,,,,,,,,,,,,,,,,,,,,,,,,,,,,,,,,,,,,,,,,,,,,,,,,,,,,,,,,,,,,,,,,,,,,,,,,,,,,,,,,,,,,,,,,,,,,,,,,,,,,,,,,,,,,,,,,,,,,,,,,,,,,,,,,,,,,,,,,,,,,,,,,,,,,,,,,,,,,,,,,,,,,,,,,,,,,,,,,,,,,,,,,,,,,,,,,,,,,,,,,,,,,,,,,,,,,,,,,,,,,,,,,,,,,,,,,,,,,,,,,,,,,,,,,,,,,,,,,,,,,,,,,,,,,,,,,,,,,,,,,,,,,,,,,,,,,,,,,,,,,,,,,,,,,,,,,,,,,,,,,,,,,,,,,,,,,,,,,,,,,,,,,,,,,,,,,,,,,,,,,,,,,,,,,,,,,,,,,,,,,,,,,,,,,,,,,,,,,,,,,,,,,,,,,,,,,,,,,,,,,,,,,,,,,,,,,,,,,,,,,,,,,,,,,,,,,,,,,,,,,,,,,,,,,,,,,,,,,,,,,,,,,,,,,,,,,,,,,,,,,,,,,,,,,,,,,,,,,,,,,,,,,,,,,,,,,,,,,,,,,,,,,,,,,,,,,,,,,,,,,,,,,,,,,,,,,,,,,,
GU,,,,,,,,,,,,,,,,,,,,,,,,,,,,,,,,,,,,,,,,,,,,,,,,,,,,,,,,,,1,,,,,,,,,,,,,,,,,,,,,,,,,,,,,,,,,,1,,1,,,,,,,,,,,,,,,,,,,,,,,,,,,,,,,,,,,,,,,,,,,,,,,,,,,,,,,,,,,,,,,,,,,,,,,,,,,,,,,,,,,,,,,,,,,,,,,,,,,,,,,,,,,,,,,,,,,,,,,,,,,,,,,,,,,,,,,,,,,,,,,,,,,,,,,,,,,,,,,,,,,,,,,,,,,,,,,,,,,,,,,,,,,,,,,,,,,,,,,,,,,,,,,,,,,,,,,,,,,,,,,,,,,,,,,,,,,,,,,,,,,,,,,,,,,,,,,,,,,,,,,,,,,,,,,,,,,,,,,,,,,,,,,,,,,,,,,1,,,,,,,,,,,,,,,,,,,,,,,,,,,,,,,,,,,,,,,,,,,,,,,,,,,,,,,,,,,,,,,,,,,,,,,,,,,,,,,,,,,,,,,,,,,,,,,,,,,,,,,,,,,,,,,,,,,,,,,,,,,,,,,,,,,,,,,,,,,,,,,,,,,,,,,,,,,,,,,,,,,,,,,,,,,,,,,,,,,,,,,,,,,,,,,,,,,,,,,,,,,,,,,,,,,,,,,,,,,,,,,,,,,,,,,,,,,,,,,,,,,,,,,,,,,,,,,,,,,,,,,,,,,,,,,,,,,,,,,,,,,,,1,,,,,,,,,,,,,,,,,,,,,,,,,,,,,,,,,,,,,,,,,,,,,,,,,,,,,,,,,,,,,,,,,,,,,,,,,,,,,,,,,,,,,,,,,,,,,,,,,,,,,,,,,,,,,,,,,,,,,,,,,,,,,,,,,,,,,,,,,,,,,,,,,,,,,,,,,,,,,,,,,,,,,,,,,,,,,,,,,,,,,,,,,,,,,,,,,,,,,,,,,,,,,,,,,,,,,,,,,,,,,,,,,,,,,,,,,,,,,,,,,,,,,,,,,,,,,,,,,,,,,,,,,,,,,,,,,,,,,,,,,,,,,,,,,,,,,,,,,,,,,,,,,,,,,,,,,,,,,,,,,,,,,,,,,,,,,,,,,,,,,,,,,,,,,,,,,,,,,,,,,,,,,,,,,,,,,,,,,,,,,,,,,,,,,,,,,,,,,,,,,,,,,,,,,,,,,,,
MP,,,,,,,,,,,,,,,,,,,,,,,,,,,,,,,,,,,,,,,,,,,,,,,,,,,,,,,,,,,,,,,,,,,,,,,,,,,,,,,,,,,,,,,,,,,,,,,,,,,,,,,,,,,,,,,,,,,,,,,,,,,,,,,,,,,,,,,,,,,,,,,,,,,,,,,,,,,,,,,,,,,,,,,,,,,,,,,,,,,,,,,,,,,,,,,,,,,,,,,,,,,,,,,,,,,,,,,,,,,,,,,,,,,,,,,,,,,,,,,,,,,,,,,,,,,,,,,,,,,,,,,,,,,,,,,,,,,,,,,,,,,,,,,,,,,,,,,,,,,,,,,,,,,,,,,,,,,,,,,,,,,,,,,,,,,,,,,,,,,,,,,,,,,,,,,,,,,,,,,,,,,,,,,,,,,,,,,,,,,,,,,,,,,,,,,,,,,,,,,,,,,,,,,,,,,,,,,,,,,,,,,,,,,,,,,,,,,,,,,,,,,,,,,,,,,,,,,,,,,,,,,,,,,,,,,,,,,,,,,,,,,,,,,,,,,,,,,,,,,,,,,,,,,,,,,,,,,,,,,,,,,,,,,,,,1,,,,,,,,,,,,,,,,,,,,,,,,,,,,,,,,,,,,,,,,,,,,,,,,,,,,,,,,,,,,,,,,,,,,,,,,,,,,,,,,,,,,,,,,,,,,,,,,,,,,,,,,,,,,,,,,,,,,,,,,,,,,,,,,,,,,,,,,,,,,,,,,,,,,,,,,,,,,,,,,,,,,,,,,,,,,,,,,,,,,,,,,,,,,,,,,,,,,,,,,,,,,,,,,,,,,,,,,,,,,,,,,,,,,,,,,,,,,,,,,,,,,,,,,,,,,,,,,,,,,,,,,,,,,,,,,,,,,,,,,,,,,,,,,,,,,,,,,,,,,,,,,,,,,,,,,,,,,,,,,,,,,,,,,,,,,,,,,,,,,,,,,,,,,,,,,,,,,,,,,,,,,,,,,,,,,,,,,,,,,,,,,,,,,,,,,,,,,,,,,,,,,,,,,,,,,,,,,,,,,,,,,,,,,,,,,,,,,,,,,,,,,,,,,,,,,,,,,,,,,,,,,,,,,,,,,,,,,,,,,,,,,,,,,,,,,,,,,,,,,,,,,,,,,,,,,,,,,,,,,,,,,,,,,,,,,,,,,,,,,,,,,,,,,,,,,,,,,,,,
PR,,,,,,,,,,,,,,,,,,,,,,,,,,,,,,,,,,,,,,,,,,,,,,,,,,,,,,,,,,,,,,,,,,,,,,,,,,,,,,,,,,,,,,,,,,,,,,,,,,,,,,,,,,,,,,,,,,,,,,,,,,,,,,,,,,,,,,,,,,,,,,,,,,,,,,,,,,,,,,,,,,,,,,,,,,,,,,,,,,,,,,,,,,,,,,,,,,,,,,,,,,,,,,,,,,,,,,,,,,,,,,,,,,,,,,,,,,,,,,,,,,,,,,,,,,,,,,,,,,,,,,,,,,,,,,,,,,,,,,,,,,,,,,,,,,,,,,,,,,,,,,,,,,,,,,,,,,,,,,,,,,,,,,,,,,,,,,,,,,,,,,,,,,,,,,,,,,,,,,,,,,,,,,,,,,,,,,,,,,,,,,,,,,,,,,,,,,,,,,,,,,,,,,,,,,,1,,,,,,,,,,,,,,,,,,,,,,,,,,,,,,,,,,,,,,,,,,,,,,,,,,,,,,,,,,,,,,,,,,,,,,,,,,,,,,,,,,,,,,,,,,,,,,,,,,,,,,,,,,,,,,,,,,,,,,,,,,,,,,,,,,,,,,,,,,,,,,,,,,,,,,,,,,,,,,,,,,,,,,,,,,,,,,,,,,,,,,,,,,,,,,,,,,,,,,,,,,,,,,,,,,,,,,,,,,,,,,,,,,,,,,,,,,,,,,,,,,,,,,,,,,,,,,,,,,,,,,,,,,,,,,,,,,,,,,,,1,,,,,,,,,,,,,,,,,,,,,,,,,,,,,,,,,,,,,,,,,,,,,,,,,,,,,,,,,,,,,,,,,,,,,,,,,,,,,,,,,,,,,,,,,,,,,,,,,,,,,,,,,,,,,,,,,,,,,,,,,,,,,,,,1,,,,,,,,,,,,,,,,,,,,,,,,,,,,,,,,,,,,,,,,,,,,,,,,,,,,,,,,,,,,,,,,,,,,,,,,,,,,,,,,,,,,,,,,,,,,,,,,,,,,,,,,,,,,,,,,,,,,,,,,,,,,,,,,,,,,,,,,,,,,,,,,,,,,,,,,,,,,,,,,,,,,,,,,,,,,,,,,,,,,,,,,,,,,,,,,,,,,,,,,,,,,,,,,,,,,,,,,,,,,,,,,,,,,,,,,,,,,,,,,,,,,,,,,,,,,,,,,,,,,,,,,,,,,,,
UM,,,,,,,,,,,,,,,,,,,,,,,,,,,,,,,,,,,,,,,,,,,,,,,,,,,,,,,,,,,,,,,,,,,,,,,,,,,,,,,,,,,,,,,,,,,,,,,,,,,,,,,,,,,,,,,,,,,,,,,,,,,,,,,,,,,,,,,,,,,,,,,,,,,,,,,,,,,,,,,,,,,,,,,,,,,,,,,,,,,,,,,,,,,,,,,,,,,,,,,,,,,,,,,,,,,,,,,,,,,,,,,,,,,,,,,,,,,,,,,,,,,,,,,,,,,,,,,,,,,,,,,,,,,,,,,,,,,,,,,,,,,,,,,,,,,,,,,,,,,,,,,,,,,,,,,,,,,,,,,,,,,,,,,,,,,,,,,,,,,,,,,,,,,,,,,,,,,,,,,,,,,,,,,,,,,,,,,,,,,,,,,,,,,,,,,,,,,,,,,,,,,,,,,,,,,,,,,,,,,,,,,,,,,,,,,,,,,,,,,,,,,,,,,,,,,,,,,,,,,,,,,,,,,,,,,,,,,,,,,,,,,,,,,,,,,,,,,,,,,,,,,,,,,,,,,,,,,,,,,,,,,,,,,,,,,,,,,,,,,,,,,,,,,,,,,,,,,,,,,,,,,,,,,,,,,,,,,,,,,,,,,,,,,,,,,,,,,,,,,,,,,,,,,,,,,,,,,,,,,,,,,,,,,,,,,,,,,,,,,,,,,,,,,,,,,,,,,,,,,,,,,,,,,,,,,,,,,,,,,,,,,,,,,,,,,,,,,,,,,,,,,,,,,,,,,,,,,,,,,,,,,,,,,,,,,,,,,,,,,,,,,,,,,,,,,,,,,,,,,,,,,,,,,,,,,,,,,,,,,,,,,,,,,,,,,,,,,,,,,,,,,,,,,,,,,,,,,,,,,,,,,,,,,,,,,,,,,,,,,,,,,,,,,,,,,,,,,,,,,,,,,,,,,,,,,,,,,,,,,,,,,,,,,,,,,,,,,,,,,,,,,,,,,,,,,,,,,,,,,,,,,,,,,,,,,,,,,,,,,,,,,,,,,,,,,,,,,,,,,,,,,,,,,,,,,,,,,,,,,,,,,,,,,,,,,,,,,,,,,,,,,,,,,,,,,,,,,,,,,,,,,,,,,,,,,,,,,,,,,,,,,,,,,,,,,,,,,,,,,,,,,,,,,,,,,,,,,,,,,,,,,,,,,,,
VI,,,,,,,,,,,,,,,,,,,,,,,,,,,,,,,,,,,,,,,,,,,,,,,,,,,,,,,,,,,,,,,,,,,,,,,,,,,,,,,,,,,,,,,,,,,,,,,,,,,,,,,,,,,,,,,,,,,,,,,,,,,,,,,,,,,,,,,,,,,,,,,,,,,,,,,,,,,,,,,,,,,,,,,,,,,,,,,,,,,,,,,,,,,,,,,,,,,,,,,,,,,,,,,,,,,,,,,,,,,,,,,,,,,,,,,,,,,,,,,,,,,,,,,,,,,,,,,,,,,,,,,,,,,,,,,,,,,,,,,,,,,,,,,,,,,,,,,,,,,,,,,,,,,,,,,,,,,,,,,,,,,,,,,,,,,,,,,,,,,,,,,,,,,,,,,,,,,,,,,,,,,,,,,,,,,,,,,,,,,,,,,,,,,,,,,,,,,,,,,,,,,,,,,,,,,,,,,,,,,,,,,,,,,,,,,,,,,,,,,,,,,,,,,,,,,,,,,,,,,,,,,,,,,,,,,,,,,,,,,,,,,,,,,,,,,,,,,,,,,,,,,,,,,,,,,,,,,,,,,,,,,,,,,,,,,,,,,,,,,,,,,,,,,,,,,,,,,,,,,,,,,,,,,,,,,,,,,,,,,,,,,,,,,,,,,,,,,,,,,,,,,,,,,,,,,,,,,,,,,,,,,,,,,,,,,,,,,,,,,,,,,,,,,,,,,,,,,,,,,,,,,,,,,,,,,,,,,,,,,,,,,,,,,,,,,,,,,,,,,,,,,,,,,,,,,,,,,,,,,,,,,,,,,,,,,,,,,,,,,,,,,,,,,,,,,,,,,,,,,,,,,,,,,,,,,,,,,,,,,,,,,,,,,,,,,,,,,,,,,,,,,,,,,,,,,,,,,,,,,,,,,,,,,,,,,,,,,,,,,,,,,,,,,,,,,,,,,,,,,,,,,,,,,,,,,,,,,,,,,,,,,,,,,,,,,,,,,,,,,,,,,,,,,,,,,,,,,,,,,,,,,,,,,,,,,,,,,,,,,,,,,,,,,,,,,,,,,,,,,,,,,,,,,,,,,,,,,,,,,,,,,,,,,,,,,,,,,,,,,,,,,,,,,,,,,,,,,,,,,,,,,,,,,,,,,,,,,,,,,,,,,,,,,,,,,,,,,,,,,,,,,,,,,,,,,,,,,,,,,,,,,,,,,,,
